Swarm ID,Start Time,End Time,Duration,Origin Latitude,Origin Longitude,Centre Latitude,Centre Longitude,Number of Earthquakes,Magnitudes,Time Intervals (h),Distance Intervals (km),Minimum Time Limit (h),Minimum Distance Limit (km),Average Time Interval (h),Average Distance Interval (km)
0,2000-02-20 07:26:30.620000+00:00,2000-02-20 10:42:37.590000+00:00,0 days 03:16:06.970000,55.954,-34.6,55.866,-34.647999999999996,6,"[4.5, 4.4, 4.4, 4.5, 3.2, 4.9]","[0.32811111111111113, 1.9888222222222223, 0.25769722222222224, 0.24323333333333333, 0.4507388888888889]","[19.715011263529558, 8.432736011749798, 13.090318573115601, 8.93359989722171, 7.178882024144115]",1.9888222222222223,19.715011263529558,0.6537205555555556,11.470109553952158
1,2000-04-20 07:53:46.670000+00:00,2000-04-20 16:07:29.240000+00:00,0 days 08:13:42.570000,57.445,-32.919,57.582499999999996,-33.010999999999996,3,"[3.9, 4.7, 4.6]","[1.2505222222222223, 6.977969444444444]","[11.529286379900116, 22.03106505727212]",6.977969444444444,22.03106505727212,4.114245833333333,16.78017571858612
2,2000-08-08 17:57:41.880000+00:00,2000-08-09 00:22:14.540000+00:00,0 days 06:24:32.660000,62.43,-25.873,62.474000000000004,-25.6485,3,"[5.4, 3.9, 4.0]","[4.874258333333334, 1.534813888888889]","[25.15152985270438, 8.917422772289374]",4.874258333333334,25.15152985270438,3.2045361111111115,17.034476312496878
3,2000-08-09 02:17:45.630000+00:00,2000-08-09 02:21:39.420000+00:00,0 days 00:03:53.790000,57.049,-33.742,57.061499999999995,-33.665,2,"[4.6, 4.3]",[0.06494166666666666],[9.749422097564556],0.06494166666666666,9.749422097564556,0.06494166666666666,9.749422097564556
4,2000-12-21 05:14:48.630000+00:00,2000-12-21 10:51:26.010000+00:00,0 days 05:36:37.380000,58.37,-32.17,58.239999999999995,-32.201,5,"[4.7, 4.8, 4.1, 4.5, 4.5]","[0.07465277777777778, 1.4683666666666666, 3.160702777777778, 0.9066611111111111]","[11.445836275587999, 18.04640193096414, 5.242854571192363, 4.725611215944689]",3.160702777777778,18.04640193096414,1.4025958333333333,9.865175998422297
5,2001-01-23 04:07:39.830000+00:00,2001-01-23 04:13:57.430000+00:00,0 days 00:06:17.600000,53.537,-35.231,53.4655,-35.341499999999996,3,"[3.3, 5.0, 5.3]","[0.08581111111111112, 0.01907777777777778]","[18.617971333478152, 9.253409534261621]",0.08581111111111112,18.617971333478152,0.052444444444444446,13.935690433869887
6,2001-01-23 16:13:23.430000+00:00,2001-01-23 18:03:03.250000+00:00,0 days 01:49:39.820000,53.503,-35.024,53.397999999999996,-35.2115,2,"[3.2, 4.6]",[1.8277277777777776],[34.182590835689886],1.8277277777777776,34.182590835689886,1.8277277777777776,34.182590835689886
7,2001-02-04 03:15:29.880000+00:00,2001-02-04 04:13:00.850000+00:00,0 days 00:57:30.970000,57.144,-33.092,57.2385,-33.066500000000005,4,"[3.4, 3.2, 4.4, 4.7]","[0.5440722222222223, 0.3075583333333333, 0.10697222222222223]","[27.418294575589396, 11.300716446541282, 10.373097889081551]",0.5440722222222223,27.418294575589396,0.3195342592592593,16.36403630373741
8,2001-03-29 12:53:18.080000+00:00,2001-03-29 20:19:11.690000+00:00,0 days 07:25:53.610000,55.527,-35.231,55.4835,-35.177,2,"[4.2, 4.4]",[7.431558333333333],[11.850682063944372],7.431558333333333,11.850682063944372,7.431558333333333,11.850682063944372
9,2001-04-06 09:26:44.030000+00:00,2001-04-06 11:31:59.180000+00:00,0 days 02:05:15.150000,53.706,-35.134,53.694500000000005,-35.262,6,"[4.2, 5.2, 5.2, 4.5, 4.6, 4.4]","[0.10696944444444444, 0.418, 0.8598388888888889, 0.05628611111111111, 0.6464472222222223]","[10.36105040919239, 4.950197184277524, 7.3742816712026595, 3.000387099683837, 8.951692425337429]",0.8598388888888889,10.36105040919239,0.4175083333333333,6.927521757938768
10,2001-04-08 17:33:09.750000+00:00,2001-04-08 19:16:54.820000+00:00,0 days 01:43:45.070000,58.28,-31.868,58.313,-31.61,2,"[3.9, 3.9]",[1.729186111111111],[31.12631225867014],1.729186111111111,31.12631225867014,1.729186111111111,31.12631225867014
11,2001-09-14 08:03:35+00:00,2001-09-14 16:35:25.720000+00:00,0 days 08:31:50.720000,57.996,-32.554,58.0055,-32.444,5,"[4.5, 4.2, 5.3, 4.5, 4.6]","[0.14367222222222223, 0.39458333333333334, 7.905911111111111, 0.0865888888888889]","[8.307243038693933, 4.374123828157532, 8.539937409182388, 10.375891981110302]",7.905911111111111,10.375891981110302,2.1326888888888886,7.899299064286039
12,2002-03-31 19:07:45.900000+00:00,2002-04-01 07:12:21.060000+00:00,0 days 12:04:35.160000,53.87,-35.374,53.829,-35.2975,11,"[5.1, 4.6, 4.6, 5.4, 4.2, 4.6, 4.1, 4.7, 4.6, 4.5, 4.7]","[0.10964722222222223, 0.07182777777777777, 3.5084333333333335, 0.14685833333333334, 0.010319444444444444, 1.0897583333333334, 0.42749166666666666, 0.557175, 1.198963888888889, 4.955958333333333]","[15.052746185666244, 16.53230181286863, 0.8502153489492311, 4.111906852651214, 1.9553496333330445, 6.524467130187553, 3.102237745585071, 1.5535183755924358, 6.589017136205677, 6.804063534483206]",4.955958333333333,16.53230181286863,1.2076433333333334,6.307582375552231
13,2002-04-29 21:56:42.570000+00:00,2002-04-30 01:44:56.300000+00:00,0 days 03:48:13.730000,61.918,-26.723,61.932,-26.7095,2,"[4.4, 4.3]",[3.8038138888888886],[3.427481701376948],3.8038138888888886,3.427481701376948,3.8038138888888886,3.427481701376948
14,2002-08-29 20:36:19.990000+00:00,2002-08-29 20:37:35.990000+00:00,0 days 00:01:16,57.426,-33.216,57.508,-33.137,2,"[3.7, 3.7]",[0.021111111111111112],[20.573952506201437],0.021111111111111112,20.573952506201437,0.021111111111111112,20.573952506201437
15,2002-10-06 01:18:35.800000+00:00,2002-10-06 01:41:07.740000+00:00,0 days 00:22:31.940000,58.47,-31.811,58.522999999999996,-31.628999999999998,4,"[5.6, 4.2, 4.3, 5.0]","[0.22048333333333334, 0.0030055555555555556, 0.15205]","[27.619392529174768, 5.497465442672511, 8.554029695220608]",0.22048333333333334,27.619392529174768,0.1251796296296296,13.89029588902263
16,2002-10-07 16:28:35.880000+00:00,2002-10-07 20:46:06.550000+00:00,0 days 04:17:30.670000,58.354,-31.986,58.2665,-32.013999999999996,9,"[5.2, 4.6, 4.6, 4.5, 5.7, 4.3, 4.3, 4.3, 4.0]","[0.5720555555555555, 1.04565, 1.9616944444444446, 0.009127777777777778, 0.09483333333333333, 0.062294444444444444, 0.2529888888888889, 0.2932083333333333]","[8.3611395245905, 6.424231221970076, 3.676306176010826, 4.470066264984591, 7.590569229362938, 1.5281875805717529, 10.895796164999801, 6.912007795831331]",1.9616944444444446,10.895796164999801,0.5364815972222222,6.2322879947902265
17,2003-01-27 06:01:34.640000+00:00,2003-01-27 06:19:17.340000+00:00,0 days 00:17:42.700000,59.457,-30.283,59.486999999999995,-30.265,3,"[4.5, 4.5, 4.6]","[0.12041944444444444, 0.174775]","[16.87082417714501, 9.885665966921039]",0.174775,16.87082417714501,0.1475972222222222,13.378245072033025
18,2003-02-01 15:43:22.720000+00:00,2003-02-01 23:27:08.800000+00:00,0 days 07:43:46.080000,57.239,-33.267,57.4075,-33.313,9,"[4.4, 4.8, 4.6, 5.6, 4.6, 4.6, 5.4, 4.5, 4.7]","[0.028497222222222222, 1.0534555555555556, 1.9928888888888887, 1.4255888888888888, 0.36630555555555555, 0.5922638888888889, 0.5292083333333334, 1.7412583333333334]","[21.564453199848348, 10.718579902536716, 6.641129178462512, 6.752722069863484, 7.019220577443217, 7.836148529504311, 2.169999020306398, 5.005461925753407]",1.9928888888888887,21.564453199848348,0.9661833333333333,8.4634643004648
19,2003-02-02 17:00:28.180000+00:00,2003-02-02 17:43:56.820000+00:00,0 days 00:43:28.640000,57.285,-33.422,57.3195,-33.4845,3,"[4.8, 5.0, 4.3]","[0.5370861111111112, 0.1875361111111111]","[10.446353220935645, 5.436035445948862]",0.5370861111111112,10.446353220935645,0.36231111111111114,7.941194333442254
20,2003-05-04 07:44:16.910000+00:00,2003-05-04 08:13:55.680000+00:00,0 days 00:29:38.770000,53.113,-35.115,53.126000000000005,-35.1075,3,"[4.2, 4.2, 4.2]","[0.13322222222222224, 0.3608805555555556]","[12.12705774287706, 15.095425389418867]",0.3608805555555556,15.095425389418867,0.24705138888888892,13.611241566147964
21,2003-06-18 03:28:32.800000+00:00,2003-06-18 07:49:32.800000+00:00,0 days 04:21:00,59.479,-29.976,59.464,-29.866500000000002,4,"[4.2, 4.3, nan, 4.3]","[0.04074722222222222, 0.7914861111111111, 3.5177666666666663]","[11.122886934509772, 18.75247761012687, 3.2289984159386713]",3.5177666666666663,18.75247761012687,1.45,11.034787653525106
22,2003-07-09 08:22:25.890000+00:00,2003-07-09 16:23:38.950000+00:00,0 days 08:01:13.060000,58.067,-32.067,58.1485,-32.176500000000004,10,"[nan, 4.5, 4.6, 5.3, 4.3, 4.0, 4.3, 5.3, 4.3, nan]","[0.7492694444444444, 0.028869444444444448, 3.4001, 0.32081944444444443, 0.3191555555555556, 0.23210555555555556, 0.17305277777777778, 0.2070138888888889, 2.5899083333333333]","[23.347820282996743, 11.584245255530073, 5.187788613259058, 6.882314396783112, 1.064043084608596, 5.6252488613440015, 2.8965166390515575, 5.419356128234523, 12.756937242619424]",3.4001,23.347820282996743,0.8911438271604938,8.307141167158568
23,2003-07-19 11:04:55.730000+00:00,2003-07-19 19:55:19.380000+00:00,0 days 08:50:23.650000,61.97,-26.805,61.9105,-26.7855,10,"[4.5, 4.4, 4.4, 4.4, 4.3, 4.6, 5.1, 4.6, 4.5, 4.5]","[0.036283333333333334, 0.11301666666666667, 0.014011111111111111, 0.3516944444444444, 1.6139, 0.01902222222222222, 0.06313333333333333, 2.0340777777777777, 4.594763888888889]","[12.439783864372979, 2.7184547398676315, 10.944218538228888, 3.4776226980327465, 7.2532447037487, 0.8621963575232745, 4.398738237246468, 1.5203413589470616, 6.812846951398782]",4.594763888888889,12.439783864372979,0.9822114197530863,5.603049716596281
24,2003-07-20 13:08:05.400000+00:00,2003-07-20 13:28:03.250000+00:00,0 days 00:19:57.850000,61.931,-26.699,61.9135,-26.6535,2,"[4.7, 4.2]",[0.33273611111111107],[6.170851728194394],0.33273611111111107,6.170851728194394,0.33273611111111107,6.170851728194394
25,2003-10-06 00:15:45.300000+00:00,2003-10-06 03:06:35.440000+00:00,0 days 02:50:50.140000,53.646,-35.026,53.567499999999995,-35.203,4,"[4.4, 4.7, 5.0, 4.7]","[0.7468805555555555, 2.0608472222222223, 0.03953333333333333]","[10.353455251888144, 20.754256838009788, 3.78693107640286]",2.0608472222222223,20.754256838009788,0.9490870370370371,11.631547722100263
26,2004-01-09 19:38:25.680000+00:00,2004-01-09 19:53:34.080000+00:00,0 days 00:15:08.400000,56.839,-34.02,56.908,-34.093,3,"[4.7, 5.3, nan]","[0.2028222222222222, 0.04951111111111112]","[7.342432092994387, 11.778710016779975]",0.2028222222222222,11.778710016779975,0.12616666666666665,9.56057105488718
27,2004-01-12 19:49:27.450000+00:00,2004-01-13 01:19:59.530000+00:00,0 days 05:30:32.080000,59.39,-30.354,59.295500000000004,-30.435000000000002,6,"[4.6, 4.9, 4.7, 4.7, 4.8, 4.5]","[0.16055555555555556, 0.042597222222222224, 0.024602777777777775, 0.20575000000000002, 5.075405555555555]","[21.39797843886629, 1.3560133855743897, 9.315516997290743, 2.960216439370497, 9.581703626264327]",5.075405555555555,21.39797843886629,1.1017822222222222,8.922285777473249
28,2004-03-03 04:21:26.380000+00:00,2004-03-03 05:31:25.450000+00:00,0 days 01:09:59.070000,57.579,-32.956,57.601,-33.0215,2,"[nan, 4.7]",[1.1664083333333333],[9.239001267198294],1.1664083333333333,9.239001267198294,1.1664083333333333,9.239001267198294
29,2004-05-23 21:42:52.120000+00:00,2004-05-23 22:06:28.860000+00:00,0 days 00:23:36.740000,53.488,-35.334,53.347,-35.0775,6,"[nan, 4.3, 4.5, 4.2, 4.4, 4.3]","[0.07805833333333333, 0.03947222222222222, 0.027894444444444444, 0.003344444444444444, 0.24476944444444443]","[24.725218727080293, 21.48641485534572, 24.74150641097838, 8.585493968200696, 4.460623778748471]",0.24476944444444443,24.74150641097838,0.07870777777777778,16.799851548070713
30,2004-06-04 14:22:20.580000+00:00,2004-06-04 18:00:01.200000+00:00,0 days 03:37:40.620000,54.335,-35.177,54.235,-35.1625,6,"[4.6, 5.1, 4.2, 4.6, 4.4, 4.9]","[0.31530277777777777, 0.5131777777777778, 0.056072222222222225, 1.1037777777777777, 1.6396194444444445]","[14.713707242409466, 9.623442727778945, 6.724659762070689, 1.6976208313282084, 3.903854664495]",1.6396194444444445,14.713707242409466,0.7255900000000001,7.332657045616462
31,2004-06-30 13:40:48.660000+00:00,2004-06-30 14:22:39.760000+00:00,0 days 00:41:51.100000,54.177,-35.172,54.093,-35.182,3,"[5.0, 3.8, 5.1]","[0.6923972222222222, 0.005130555555555555]","[2.8737845921798515, 21.2644811268548]",0.6923972222222222,21.2644811268548,0.3487638888888889,12.069132859517326
32,2004-07-01 02:32:47.300000+00:00,2004-07-01 09:36:46.260000+00:00,0 days 07:03:58.960000,53.846,-35.43,54.0475,-35.2905,6,"[4.6, 5.3, 5.4, 4.4, 5.6, 4.1]","[6.117463888888889, 0.025311111111111114, 0.3133944444444445, 0.34295277777777783, 0.2672555555555556]","[26.073821195201827, 22.146742784364438, 14.72244505008344, 7.603906212790258, 5.590860862665982]",6.117463888888889,26.073821195201827,1.4132755555555554,15.227555221021188
33,2004-08-20 15:42:02.510000+00:00,2004-08-20 22:26:50.860000+00:00,0 days 06:44:48.350000,62.459,-25.752,62.457499999999996,-25.834,8,"[4.7, 4.5, 4.4, nan, 3.9, 4.6, 4.5, 4.3]","[3.167475, 0.05711666666666667, 0.10699722222222222, 0.25598333333333334, 3.1162972222222223, 0.0139, 0.028994444444444444]","[3.3471764552502976, 13.685365851552065, 44.10991983542669, 3.201705615050975, 14.24390306225832, 12.500883587546761, 18.291336954860874]",3.167475,44.10991983542669,0.9638234126984128,15.625755908849426
34,2004-09-05 10:35:51.310000+00:00,2004-09-05 15:37:52.990000+00:00,0 days 05:02:01.680000,53.032,-35.163,53.028499999999994,-35.098,6,"[5.3, 4.5, 3.9, nan, 4.0, 4.4]","[0.11236666666666666, 1.081275, 0.8611888888888889, 0.07481388888888889, 2.904155555555555]","[20.068890841119217, 6.868993208989552, 4.414167922622309, 15.401708156979371, 9.059503970078536]",2.904155555555555,20.068890841119217,1.0067599999999999,11.162652819957795
35,2004-09-17 02:37:58.050000+00:00,2004-09-17 14:32:53.090000+00:00,0 days 11:54:55.040000,58.619,-30.818,58.8115,-31.0,12,"[4.5, nan, nan, nan, nan, 4.4, 5.2, 4.3, 4.1, 5.2, 4.5, 4.7]","[0.14595277777777776, 0.004419444444444445, 0.006052777777777778, 0.04101666666666667, 2.7617499999999997, 0.026077777777777776, 0.46114722222222226, 0.07930277777777778, 0.9645888888888888, 6.781783333333333, 0.6431972222222223]","[19.20675697720138, 8.451816299768376, 6.808832633009912, 31.261995038530582, 10.09282433799489, 12.61373109473734, 9.8459005140923, 2.370191665893649, 7.1627104567685755, 7.474431556266005, 3.3681031364460345]",6.781783333333333,31.261995038530582,1.0832080808080808,10.78702670097355
36,2005-01-18 05:50:38.570000+00:00,2005-01-18 06:59:03.740000+00:00,0 days 01:08:25.170000,57.035,-33.958,57.042,-33.8845,2,"[5.0, 5.7]",[1.140325],[9.05861297506155],1.140325,9.05861297506155,1.140325,9.05861297506155
37,2005-04-02 19:58:53.130000+00:00,2005-04-03 00:00:42.720000+00:00,0 days 04:01:49.590000,55.586,-34.974,55.5445,-35.086,6,"[4.5, 4.5, 4.3, nan, 4.7, 4.6]","[0.2552277777777778, 0.20869444444444443, 0.9977333333333334, 2.214738888888889, 0.3540472222222222]","[6.498633831940335, 7.808851974320729, 12.642317067225415, 0.39423717335802894, 4.37473262920605]",2.214738888888889,12.642317067225415,0.8060883333333333,6.3437545352101115
38,2005-05-06 03:13:25.730000+00:00,2005-05-06 08:44:26.130000+00:00,0 days 05:31:00.400000,58.831,-31.983,58.6155,-32.0745,3,"[3.9, nan, 4.2]","[5.360822222222222, 0.15595555555555557]","[38.261727842839996, 11.949575271181155]",5.360822222222222,38.261727842839996,2.758388888888889,25.105651557010574
39,2005-05-10 16:38:00.830000+00:00,2005-05-13 01:22:41.820000+00:00,2 days 08:44:40.990000,62.4,-26.284,62.2045,-26.4405,87,"[3.8, 4.4, 4.5, 4.2, 4.7, 4.4, nan, 4.3, 3.8, 5.2, nan, nan, 4.3, 4.4, 4.6, 4.4, 4.5, 4.7, 4.4, nan, nan, nan, 3.4, 4.4, 4.6, 4.5, 4.3, 4.2, 4.4, 4.4, 4.2, 4.4, 4.3, 4.4, 4.4, 4.5, 4.4, 4.4, 4.5, 4.5, 4.5, 4.4, 4.4, 4.8, 4.1, 4.5, 4.6, 4.5, 4.5, 4.6, 4.6, 4.5, nan, 4.5, 4.2, 4.5, 4.3, 4.3, 4.2, nan, 4.7, 4.3, 4.1, 4.3, 4.5, 4.4, 4.4, 4.5, 4.6, 4.6, 4.4, 4.3, 4.3, nan, 4.3, 4.2, 4.2, 4.3, 4.3, 4.4, 4.4, 4.4, 4.3, 4.1, 4.4, 4.4, 4.3]","[0.08862500000000001, 0.136875, 0.552025, 3.8046805555555556, 0.05819722222222222, 0.03816666666666667, 0.09451111111111112, 0.15455, 0.11304166666666667, 0.15999722222222224, 0.009752777777777777, 6.325008333333333, 0.03918055555555556, 0.09534166666666667, 2.177588888888889, 0.2273527777777778, 0.0787638888888889, 0.12021666666666665, 0.11512777777777777, 0.006669444444444445, 0.21463611111111114, 0.010480555555555555, 0.0062138888888888895, 0.015577777777777777, 0.06454166666666666, 0.12890555555555555, 0.16695, 0.39369444444444446, 0.5338166666666667, 0.14433333333333334, 0.027491666666666668, 0.18907777777777776, 0.042986111111111114, 0.06113333333333334, 0.19493611111111112, 0.22725555555555554, 0.003841666666666667, 0.44100277777777774, 0.06923333333333334, 0.10358055555555555, 0.3870944444444444, 0.35524722222222227, 0.008436111111111111, 0.08289722222222222, 0.224025, 0.5575611111111112, 0.014102777777777778, 0.11853333333333334, 0.2901388888888889, 0.3195555555555556, 0.21280555555555555, 0.10925, 0.012430555555555556, 0.08304722222222223, 0.0492, 0.1895, 0.05200277777777778, 0.2732583333333333, 0.3378527777777778, 0.07777777777777778, 0.23045555555555555, 2.2189722222222223, 0.19288611111111112, 0.28729166666666667, 0.0032083333333333334, 0.7440583333333334, 0.26756944444444447, 0.08961944444444445, 1.24925, 0.20429166666666668, 2.1553555555555555, 0.9924222222222222, 1.7934138888888889, 1.1717388888888889, 0.7908166666666667, 0.3783777777777778, 0.011122222222222223, 1.5351833333333333, 3.999997222222222, 1.0085916666666666, 1.5060888888888888, 5.474766666666667, 2.081, 2.5371333333333332, 3.2251583333333333, 1.4058722222222224]","[9.960891089373881, 29.087674478456247, 5.397626590258545, 8.319529059676093, 5.8894620250538505, 15.195895738399301, 13.103703180897687, 7.446257177680489, 8.617000138798417, 6.84248695061744, 12.462197908217309, 6.6759780953050285, 6.478239653939496, 7.294896225495149, 2.8952844724305473, 1.2536927715394777, 4.149896282250627, 3.4668832288374536, 2.977712656439623, 2.1698717165154613, 2.6078089073591633, 0.4725061113426579, 4.9593765443356785, 1.3731533499027035, 10.85182136115262, 0.3431423185154002, 1.107283066844408, 4.5565219300929725, 0.8939901163093082, 1.2243549813738703, 2.735732987796459, 3.998316520752918, 5.955717606048941, 1.3328216196936467, 0.9006817577680608, 1.514497439149732, 4.109005738618536, 3.6126066893876727, 1.2775917643665806, 2.18074843041564, 1.5265793734152788, 4.264381595550519, 3.1975386796051133, 2.158239468072437, 1.4105522154240884, 1.7555508957882369, 1.8288960070633575, 2.9547274422023038, 2.1318683728557004, 0.7377466318496965, 1.5245892336029, 0.5767591068446519, 2.8142069540486263, 2.3669816398015446, 0.9529594439762892, 1.929444508584601, 0.8403741250556307, 1.5304852182140558, 8.527442881274217, 0.30546088425486034, 0.6867083455232456, 2.1334517204584453, 1.4220271835153926, 11.224767891279868, 0.15690613374667745, 1.7862168848472677, 1.8974849887799106, 1.8186349840678393, 2.19441496649757, 1.6208839351351243, 1.2415043338427627, 1.5234440387176207, 5.856211997764677, 2.6865833554346246, 3.013166883529656, 2.4980794224606124, 3.683689256546779, 7.791020272048379, 4.9889388640593495, 4.638561299959929, 1.7743148346004503, 1.0072321203271555, 6.310604368403343, 1.895310314703349, 1.7609810951134648, 1.280963808651297]",6.325008333333333,29.087674478456247,0.659822319121447,3.9060435658012556
40,2005-05-13 14:50:39.770000+00:00,2005-05-16 02:53:07.150000+00:00,2 days 12:02:27.380000,62.171,-26.537,62.230000000000004,-26.2845,27,"[nan, nan, 4.1, 3.9, 4.3, 4.3, 4.2, nan, 4.1, 4.3, 4.3, 4.5, 4.3, 4.4, 4.3, 4.1, 4.6, 4.3, 4.3, 4.2, 4.2, 4.3, 4.4, 3.9, 4.1, 4.3, 4.4]","[4.562038888888889, 6.3417666666666666, 1.0256611111111111, 5.0463861111111115, 1.4367777777777777, 1.4032555555555557, 0.13985555555555557, 0.6464694444444444, 1.697713888888889, 1.1649027777777776, 0.32740833333333336, 3.1075333333333335, 0.671075, 2.3407944444444446, 0.4933611111111111, 0.9258805555555556, 3.0226444444444445, 4.041022222222223, 0.0061, 3.411986111111111, 2.9069444444444446, 1.6182055555555555, 5.1276, 0.013391666666666666, 2.973038888888889, 5.589124999999999]","[23.980815011631652, 5.741762295291061, 15.580600067482369, 9.270183637417059, 4.321546057928171, 34.37310818191521, 6.531619163261437, 7.1105196374478945, 3.400875560008619, 6.266822847927034, 6.510486160381196, 1.2404284688811775, 8.0600318610306, 2.7071494953115827, 10.63643746183172, 2.895436314570971, 2.7291476349809294, 3.928243868275269, 2.9875508492692258, 4.17057127771448, 2.004120201106182, 0.9602010414060085, 1.2944908274958746, 0.2356986037379462, 1.0884468308600919, 1.3862318884798344]",6.3417666666666666,34.37310818191521,2.3092668803418803,6.515866355601675
41,2005-05-16 14:32:10.870000+00:00,2005-05-16 22:50:16.910000+00:00,0 days 08:18:06.040000,62.248,-26.449,62.323499999999996,-26.451999999999998,3,"[4.6, 4.4, 4.4]","[7.842716666666666, 0.4589611111111111]","[8.976026226258933, 17.81366855930329]",7.842716666666666,17.81366855930329,4.150838888888889,13.394847392781113
42,2005-05-17 17:12:59.470000+00:00,2005-05-17 23:26:04.230000+00:00,0 days 06:13:04.760000,62.259,-26.43,62.266999999999996,-26.5125,2,"[4.4, 4.2]",[6.217988888888889],[8.753506561289704],6.217988888888889,8.753506561289704,6.217988888888889,8.753506561289704
43,2005-05-19 11:38:49.230000+00:00,2005-05-19 12:10:13.550000+00:00,0 days 00:31:24.320000,62.118,-26.564,62.18,-26.5775,2,"[4.5, 4.5]",[0.5234222222222222],[13.890992456548332],0.5234222222222222,13.890992456548332,0.5234222222222222,13.890992456548332
44,2005-05-22 06:18:38.460000+00:00,2005-05-22 12:07:41.180000+00:00,0 days 05:49:02.720000,62.088,-26.699,62.033,-26.682000000000002,2,"[nan, 4.3]",[5.8174222222222225],[12.387568854401358],5.8174222222222225,12.387568854401358,5.8174222222222225,12.387568854401358
45,2005-05-25 20:29:35+00:00,2005-05-25 21:02:17.660000+00:00,0 days 00:32:42.660000,62.117,-26.522,62.1285,-26.487499999999997,2,"[4.3, 4.2]",[0.5451833333333334],[4.4195280973566184],0.5451833333333334,4.4195280973566184,0.5451833333333334,4.4195280973566184
46,2005-05-29 12:15:35.920000+00:00,2005-05-29 13:15:54.970000+00:00,0 days 01:00:19.050000,61.749,-26.305,61.8925,-26.532,2,"[4.1, 4.4]",[1.0052916666666667],[39.910954893770345],1.0052916666666667,39.910954893770345,1.0052916666666667,39.910954893770345
47,2005-05-30 15:02:47.920000+00:00,2005-05-30 15:24:28.830000+00:00,0 days 00:21:40.910000,61.899,-26.628,62.068,-26.77,2,"[4.3, 4.3]",[0.36136388888888893],[40.48956503265112],0.36136388888888893,40.48956503265112,0.36136388888888893,40.48956503265112
48,2005-05-31 07:07:54.280000+00:00,2005-05-31 08:24:37.540000+00:00,0 days 01:16:43.260000,62.995,-24.903,62.8185,-25.0915,2,"[4.3, 4.1]",[1.2786833333333334],[43.78927522759128],1.2786833333333334,43.78927522759128,1.2786833333333334,43.78927522759128
49,2005-05-31 10:46:19.890000+00:00,2005-05-31 11:45:34.310000+00:00,0 days 00:59:14.420000,62.248,-26.561,62.156,-26.467,2,"[4.1, nan]",[0.9873388888888889],[22.72801444573397],0.9873388888888889,22.72801444573397,0.9873388888888889,22.72801444573397
50,2005-06-06 22:17:58.590000+00:00,2005-06-08 09:55:31.510000+00:00,1 days 11:37:32.920000,61.912,-26.578,62.051,-26.5325,21,"[nan, 4.2, 3.4, 4.0, 4.5, 4.5, 4.6, 4.6, 4.5, 4.5, 4.8, 4.4, nan, 4.3, 4.4, 3.8, 4.2, 4.3, 4.8, 4.3, 4.6]","[2.417375, 0.541375, 1.6673222222222222, 2.0673472222222222, 0.012497222222222222, 1.2569611111111112, 0.6478166666666666, 1.7857833333333333, 4.637069444444444, 2.689, 2.8174361111111113, 0.4247944444444444, 0.7745166666666667, 1.9687138888888889, 1.0532083333333333, 1.0619777777777777, 3.0524194444444444, 1.2452388888888888, 1.9906944444444445, 3.514263888888889]","[32.44830968800152, 20.12380793043113, 5.274945488910775, 7.713492172784661, 2.0014620811958377, 7.498882313035376, 2.177283415390443, 4.764390154946053, 3.199346444937461, 3.257806539470904, 2.296029616752286, 11.928611764414567, 48.089476662174384, 5.623781673878261, 9.131130514479779, 1.0086158412304111, 12.505108307817965, 2.8637311387195368, 2.905846421346194, 2.2090604226320543]",4.637069444444444,48.089476662174384,1.7812905555555556,9.351055929627481
51,2005-06-30 17:07:59.070000+00:00,2005-07-01 01:50:01.150000+00:00,0 days 08:42:02.080000,52.346,-31.831,52.3895,-31.734,2,"[4.3, 3.8]",[8.700577777777779],[16.37559223875793],8.700577777777779,16.37559223875793,8.700577777777779,16.37559223875793
52,2005-07-05 20:07:13.590000+00:00,2005-07-06 03:47:59.460000+00:00,0 days 07:40:45.870000,55.397,-35.122,55.495000000000005,-35.1785,4,"[3.6, 4.1, 4.5, 4.8]","[0.008033333333333333, 7.296525000000001, 0.37485]","[9.684665944617489, 7.748851866526369, 12.823398438932873]",7.296525000000001,12.823398438932873,2.559802777777778,10.085638750025577
53,2006-02-04 14:28:28.960000+00:00,2006-02-04 18:31:20.010000+00:00,0 days 04:02:51.050000,58.863,-30.949,58.994,-30.96,3,"[4.5, 5.3, 4.5]","[0.024024999999999998, 4.023488888888889]","[29.38190162314965, 6.084762116261685]",4.023488888888889,29.38190162314965,2.0237569444444445,17.733331869705665
54,2006-02-13 15:07:55.960000+00:00,2006-02-13 18:59:39.930000+00:00,0 days 03:51:43.970000,59.36,-30.396,59.43,-30.676000000000002,12,"[nan, nan, 4.3, 4.5, 4.4, 5.3, 4.6, 4.3, 4.4, 4.6, 4.5, nan]","[2.8338472222222224, 0.018519444444444446, 0.0074888888888888895, 0.11668333333333333, 0.037844444444444444, 0.04573333333333333, 0.020663888888888888, 0.028119444444444447, 0.04585555555555556, 0.03192777777777778, 0.6755305555555555]","[12.136183215018704, 23.152364879797013, 3.2593294486047495, 2.084534928703375, 6.432693924605185, 10.384527002593908, 34.959950929510455, 4.832383512069928, 1.0267007234509735, 2.006034752351603, 5.205817929046983]",2.8338472222222224,34.959950929510455,0.35111035353535364,9.589138295068443
55,2006-03-05 00:04:21.820000+00:00,2006-03-05 03:13:44.320000+00:00,0 days 03:09:22.500000,52.591,-31.986,52.547,-32.057,3,"[4.7, 4.7, 4.2]","[2.6032083333333333, 0.5530416666666667]","[14.568252772954319, 1.601842824113936]",2.6032083333333333,14.568252772954319,1.578125,8.085047798534127
56,2006-07-28 04:11:26.020000+00:00,2006-07-28 12:56:48.970000+00:00,0 days 08:45:22.950000,59.027,-30.805,59.089,-30.7095,5,"[4.3, 4.8, 5.1, 5.2, 5.4]","[0.3990666666666667, 3.6336749999999998, 1.0274805555555555, 3.696152777777778]","[1.7186325101769997, 1.889083561684084, 13.668520102936013, 11.630355278177394]",3.696152777777778,13.668520102936013,2.18909375,7.226647863243622
57,2006-11-29 02:36:14.220000+00:00,2006-11-29 17:16:59.920000+00:00,0 days 14:40:45.700000,53.419,-35.16,53.573,-35.183499999999995,11,"[4.5, 4.1, 3.9, 4.7, 4.1, 5.1, 4.4, 5.6, 4.0, 4.7, 3.5]","[0.10940555555555556, 1.2109416666666668, 3.4971111111111113, 7.9480249999999995, 0.004011111111111111, 0.09659722222222222, 0.1756527777777778, 0.8793666666666666, 0.6817, 0.07654999999999999]","[31.832474101466435, 6.536040814524184, 15.905905865122367, 17.972875002385, 37.000637366427725, 13.328007599183186, 9.010809074115068, 4.8706929126399325, 19.06781424202927, 1.2095930937535169]",7.9480249999999995,37.000637366427725,1.4679361111111109,15.673485007164667
58,2007-04-22 12:23:41.300000+00:00,2007-04-22 12:52:19.210000+00:00,0 days 00:28:37.910000,53.533,-35.374,53.4995,-35.4055,2,"[4.5, 4.5]",[0.4771972222222223],[8.548799860309575],0.4771972222222223,8.548799860309575,0.4771972222222223,8.548799860309575
59,2007-05-23 04:41:46.540000+00:00,2007-05-23 16:17:49.490000+00:00,0 days 11:36:02.950000,52.352,-31.814,52.348,-31.8345,3,"[5.7, 4.4, 4.5]","[1.8760388888888888, 9.724780555555554]","[9.524098337531493, 7.44924641736466]",9.724780555555554,9.524098337531493,5.800409722222222,8.486672377448077
60,2007-09-16 15:36:25.150000+00:00,2007-09-16 19:19:33.950000+00:00,0 days 03:43:08.800000,57.484,-33.281,57.5985,-33.0695,3,"[4.3, 4.5, 4.5]","[3.3439944444444443, 0.3751166666666667]","[35.91866636819294, 17.45560898346674]",3.3439944444444443,35.91866636819294,1.8595555555555554,26.687137675829838
61,2007-10-01 07:52:15.920000+00:00,2007-10-01 07:54:56.640000+00:00,0 days 00:02:40.720000,57.406,-33.021,57.436,-33.0065,2,"[4.5, 4.5]",[0.044644444444444445],[6.905327444016835],0.044644444444444445,6.905327444016835,0.044644444444444445,6.905327444016835
62,2007-10-02 12:23:45.670000+00:00,2007-10-02 17:31:54.770000+00:00,0 days 05:08:09.100000,57.377,-33.151,57.400499999999994,-33.179500000000004,6,"[4.9, 4.1, 5.3, 4.4, 4.3, 4.5]","[1.4016944444444446, 2.781902777777778, 0.22353333333333333, 0.06552777777777778, 0.6632027777777778]","[18.537393507423197, 14.24419500996516, 9.970672000845651, 6.351148551892517, 1.1152821003206956]",2.781902777777778,18.537393507423197,1.0271722222222224,10.043738234089444
63,2008-01-28 20:28:41.500000+00:00,2008-01-28 21:49:46.620000+00:00,0 days 01:21:05.120000,53.733,-35.487,53.705,-35.405,2,"[3.4, 3.9]",[1.3514222222222223],[12.495723888380265],1.3514222222222223,12.495723888380265,1.3514222222222223,12.495723888380265
64,2008-05-06 08:36:29.730000+00:00,2008-05-06 09:59:24.080000+00:00,0 days 01:22:54.350000,53.442,-35.277,53.269000000000005,-35.233000000000004,5,"[4.9, 5.1, 5.2, 4.3, 4.2]","[0.055997222222222226, 0.12209722222222223, 0.8524916666666666, 0.35117777777777776]","[21.80706817528245, 10.494384848356406, 8.1642105876757, 20.721203513357533]",0.8524916666666666,21.80706817528245,0.3454409722222222,15.296716781168023
65,2008-09-03 09:17:47.560000+00:00,2008-09-03 09:59:01.270000+00:00,0 days 00:41:13.710000,59.751,-29.862,59.906499999999994,-29.9985,6,"[4.0, 4.0, 4.6, 5.2, nan, 4.2]","[0.5576333333333333, 0.00415, 0.02163888888888889, 0.0725361111111111, 0.031183333333333334]","[37.36617450007507, 2.039356428056959, 15.970983934122305, 22.093899547674397, 8.651013767203127]",0.5576333333333333,37.36617450007507,0.13742833333333332,17.224285635426373
66,2009-02-21 15:21:38.260000+00:00,2009-02-21 16:53:54.350000+00:00,0 days 01:32:16.090000,55.277,-35.354,55.3745,-35.191,5,"[4.6, 5.1, 4.7, 4.7, 5.4]","[0.3181583333333333, 0.09145833333333334, 1.1227833333333332, 0.005402777777777777]","[26.474042435923547, 11.95456980827977, 6.744019107821302, 2.865776305894087]",1.1227833333333332,26.474042435923547,0.38445069444444446,12.009601914479676
67,2009-03-14 02:46:24.200000+00:00,2009-03-14 02:57:01.260000+00:00,0 days 00:10:37.060000,53.037,-34.988,53.033500000000004,-35.0225,2,"[4.3, 4.3]",[0.1769611111111111],[4.693975165611023],0.1769611111111111,4.693975165611023,0.1769611111111111,4.693975165611023
68,2009-03-21 22:06:22.560000+00:00,2009-03-21 23:55:29.550000+00:00,0 days 01:49:06.990000,55.488,-35.049,55.4315,-35.051500000000004,2,"[4.5, 4.6]",[1.8186083333333334],[12.584435754229192],1.8186083333333334,12.584435754229192,1.8186083333333334,12.584435754229192
69,2009-04-19 08:18:17.440000+00:00,2009-04-19 08:20:08.100000+00:00,0 days 00:01:50.660000,53.514,-35.283,53.489000000000004,-35.275499999999994,3,"[4.8, 5.0, 5.0]","[0.017633333333333334, 0.013105555555555556]","[6.28461039234321, 3.920310691702006]",0.017633333333333334,6.28461039234321,0.015369444444444446,5.102460542022608
70,2009-04-29 03:29:14.600000+00:00,2009-04-29 03:31:35.030000+00:00,0 days 00:02:20.430000,52.54,-32.23,52.5315,-32.2495,2,"[4.3, 4.7]",[0.03900833333333333],[3.253169589169734],0.03900833333333333,3.253169589169734,0.03900833333333333,3.253169589169734
71,2009-08-22 00:51:58.800000+00:00,2009-08-22 02:05:36.430000+00:00,0 days 01:13:37.630000,57.877,-32.689,57.843,-32.659,2,"[4.6, 4.8]",[1.2271194444444444],[8.369958429850769],1.2271194444444444,8.369958429850769,1.2271194444444444,8.369958429850769
72,2009-11-15 12:59:58.310000+00:00,2009-11-15 14:06:24+00:00,0 days 01:06:25.690000,53.868,-35.117,53.684,-35.3,5,"[4.9, 5.4, 5.0, 5.1, 4.9]","[0.18338055555555555, 0.6925250000000001, 0.09279444444444444, 0.13843611111111112]","[4.722810317188367, 3.236117409661866, 3.162519633152394, 43.38442904112583]",0.6925250000000001,43.38442904112583,0.2767840277777778,13.626469100282113
73,2009-12-27 17:09:10.950000+00:00,2009-12-27 17:12:49.960000+00:00,0 days 00:03:39.010000,59.424,-30.298,59.314,-30.1415,2,"[4.8, 4.8]",[0.06083611111111111],[30.305107363839706],0.06083611111111111,30.305107363839706,0.06083611111111111,30.305107363839706
74,2010-09-26 22:24:49.570000+00:00,2010-09-27 00:35:01.890000+00:00,0 days 02:10:12.320000,57.626,-32.765,57.671499999999995,-32.734,5,"[4.5, 5.5, 5.4, 5.1, 4.5]","[1.7323305555555557, 0.12448333333333333, 0.1999138888888889, 0.11336111111111112]","[6.9073603477594885, 6.583977963329416, 2.8075935057343515, 1.815803141474131]",1.7323305555555557,6.9073603477594885,0.5425222222222222,4.528683739574347
75,2010-12-07 20:39:49.150000+00:00,2010-12-08 02:46:56.840000+00:00,0 days 06:07:07.690000,57.214,-33.504,57.306,-33.272999999999996,3,"[4.3, 4.7, 4.7]","[0.025080555555555557, 6.0937222222222225]","[21.91672455610798, 25.751986050950297]",6.0937222222222225,25.751986050950297,3.059401388888889,23.834355303529136
76,2011-03-24 05:17:21.750000+00:00,2011-03-24 05:23:25.610000+00:00,0 days 00:06:03.860000,59.469,-30.328,59.476,-30.308500000000002,2,"[4.7, 4.7]",[0.10107222222222223],[2.705347066361755],0.10107222222222223,2.705347066361755,0.10107222222222223,2.705347066361755
77,2011-04-12 21:32:02.460000+00:00,2011-04-12 23:32:31.380000+00:00,0 days 02:00:28.920000,57.985,-32.398,58.108000000000004,-32.400499999999994,3,"[4.2, 4.4, 4.4]","[1.9961250000000001, 0.011908333333333333]","[27.42732552043632, 7.080251057079371]",1.9961250000000001,27.42732552043632,1.0040166666666668,17.253788288757846
78,2011-06-20 20:53:20.430000+00:00,2011-06-20 21:19:57.670000+00:00,0 days 00:26:37.240000,53.386,-35.406,53.4245,-35.338499999999996,4,"[4.2, 4.7, 5.1, 5.1]","[0.134675, 0.2568638888888889, 0.05213888888888889]","[10.562023821739862, 1.4789770985273443, 3.324559961827047]",0.2568638888888889,10.562023821739862,0.1478925925925926,5.121853627364751
79,2011-09-05 05:05:37.220000+00:00,2011-09-05 08:22:46.800000+00:00,0 days 03:17:09.580000,59.139,-30.823,59.034000000000006,-30.683500000000002,5,"[5.0, 4.9, 5.1, 5.1, 5.1]","[0.6418250000000001, 1.5287583333333332, 0.05342222222222222, 1.0619888888888889]","[19.79719631220524, 14.742053031852935, 10.323543320867865, 5.79253576954082]",1.5287583333333332,19.79719631220524,0.8214986111111111,12.663832108616715
80,2011-10-05 23:02:12.250000+00:00,2011-10-06 02:24:04.580000+00:00,0 days 03:21:52.330000,57.987,-32.532,57.8945,-32.4385,12,"[4.7, 5.4, 4.2, 4.8, 5.3, 4.5, 5.5, 4.1, 4.5, 4.0, 5.0, 4.6]","[0.835488888888889, 0.12739722222222222, 0.017069444444444446, 0.03428333333333333, 0.08494722222222223, 0.5232027777777778, 0.08194722222222221, 0.06285555555555555, 0.1042, 0.15142777777777777, 1.3417166666666667]","[12.700366600779434, 8.324636675860539, 5.481873407061034, 10.474608758653211, 4.318430163299604, 3.2730021019667523, 5.123301235721786, 2.4617323435892486, 1.0503813401876256, 4.452874253681592, 5.4896062828563394]",1.3417166666666667,12.700366600779434,0.3058669191919192,5.740983014877924
81,2011-10-06 19:46:19.440000+00:00,2011-10-06 23:53:00.730000+00:00,0 days 04:06:41.290000,57.873,-32.411,57.954499999999996,-32.5115,5,"[5.1, 4.2, 4.9, 4.6, 4.8]","[0.13218611111111112, 1.0732027777777777, 0.15481944444444445, 2.7512611111111114]","[17.150446906277097, 2.8091353600701865, 1.261965949963671, 19.208632889069005]",2.7512611111111114,19.208632889069005,1.027867361111111,10.10754527634499
82,2011-11-19 21:50:52.570000+00:00,2011-11-20 10:23:44.800000+00:00,0 days 12:32:52.230000,59.27,-30.439,59.329499999999996,-30.33,10,"[4.3, 4.3, 4.3, 4.4, 4.9, 4.6, 5.2, 4.5, 4.2, 4.5]","[7.814505555555556, 0.17730277777777778, 3.4712388888888888, 0.011622222222222223, 0.13460555555555556, 0.019930555555555556, 0.025625, 0.8653916666666667, 0.027619444444444446]","[7.029792491196843, 5.743114967599724, 12.387818590046626, 15.171946839699277, 7.034708962377174, 3.257866081588953, 3.456624061050599, 6.620949542361412, 2.757631495966042]",7.814505555555556,15.171946839699277,1.3942046296296298,7.051161447987406
83,2011-11-25 15:09:34.480000+00:00,2011-11-25 17:51:35.830000+00:00,0 days 02:42:01.350000,53.804,-35.551,53.854,-35.414,3,"[4.8, 4.6, 4.8]","[0.4031194444444445, 2.2972555555555556]","[7.931592841370712, 14.446538317999336]",2.2972555555555556,14.446538317999336,1.3501875,11.189065579685025
84,2012-03-14 06:51:56.560000+00:00,2012-03-14 07:10:53.240000+00:00,0 days 00:18:56.680000,54.336,-35.123,54.343,-34.998,2,"[4.9, 4.7]",[0.31574444444444444],[16.333382489273756],0.31574444444444444,16.333382489273756,0.31574444444444444,16.333382489273756
85,2012-05-15 06:31:31.880000+00:00,2012-05-15 07:16:16.600000+00:00,0 days 00:44:44.720000,59.79,-29.797,59.787,-29.735500000000002,4,"[4.5, 4.6, 4.7, 4.8]","[0.020941666666666667, 0.21194722222222223, 0.5128666666666667]","[9.153910984157621, 5.802505419534826, 2.1973275655635387]",0.5128666666666667,9.153910984157621,0.24858518518518521,5.717914656418661
86,2012-08-15 00:21:21.590000+00:00,2012-08-15 11:25:47.420000+00:00,0 days 11:04:25.830000,57.673,-32.592,57.785,-32.627,6,"[4.2, 4.4, 4.6, 5.2, 4.1, 4.6]","[8.227077777777778, 1.1146805555555555, 0.377, 0.39912777777777775, 0.9559555555555556]","[13.180968829907242, 8.069712787950655, 3.4044342693962175, 6.654968961042663, 2.3090927606191527]",8.227077777777778,13.180968829907242,2.2147683333333332,6.723835521783185
87,2012-08-26 03:06:51.300000+00:00,2012-08-26 03:32:19.610000+00:00,0 days 00:25:28.310000,52.917,-35.215,52.911500000000004,-35.176500000000004,7,"[4.2, 4.1, 4.6, 4.7, 4.4, 4.3, 4.2]","[0.04753055555555556, 0.11926388888888889, 0.067525, 0.029986111111111113, 0.01917777777777778, 0.1410472222222222]","[17.136326920883015, 12.333080186854339, 6.042129701366023, 18.07328930564914, 4.705957750950319, 8.324607853090939]",0.1410472222222222,18.07328930564914,0.07075509259259259,11.102565286465628
88,2012-09-16 12:37:28.370000+00:00,2012-09-16 14:30:04.760000+00:00,0 days 01:52:36.390000,58.2,-32.349,58.1425,-32.296,3,"[4.4, 4.5, 4.7]","[0.226275, 1.6505]","[10.849204389464493, 3.472031488664261]",1.6505,10.849204389464493,0.9383875,7.160617939064377
89,2013-01-20 21:22:35.740000+00:00,2013-01-21 00:34:13.120000+00:00,0 days 03:11:37.380000,53.931,-34.963,53.919,-35.260999999999996,8,"[4.4, 4.7, 5.0, 4.9, 4.8, 5.5, 4.5, 4.6]","[0.04180277777777778, 0.022616666666666667, 0.23431944444444444, 0.03716944444444444, 1.8270694444444444, 0.34776111111111113, 0.6829777777777777]","[7.6630323339006345, 1.1552771834931232, 4.1353877296768085, 33.68018628612443, 11.81222551929617, 2.303064673353518, 0.6153110315416808]",1.8270694444444444,33.68018628612443,0.45624523809523815,8.76635496534091
90,2013-02-15 17:50:35.800000+00:00,2013-02-16 02:16:05.660000+00:00,0 days 08:25:29.860000,52.658,-34.515,52.6665,-34.518,3,"[4.7, 4.5, 4.4]","[6.1494277777777775, 2.275533333333333]","[4.135901597988983, 5.757840048806167]",6.1494277777777775,5.757840048806167,4.212480555555556,4.946870823397575
91,2013-03-20 10:51:39.560000+00:00,2013-03-20 14:05:35.080000+00:00,0 days 03:13:55.520000,58.274,-32.024,58.211,-32.153,8,"[4.6, 4.6, 4.8, 4.6, 4.5, 4.4, 4.6, 4.4]","[0.057291666666666664, 0.11968611111111112, 0.26374722222222224, 0.08598888888888889, 0.11980833333333334, 1.8726166666666666, 0.71295]","[1.5798636061746119, 3.2462857991249687, 8.385702429566459, 11.490425204114542, 15.435740976562359, 8.791856959964614, 3.136995651993925]",1.8726166666666666,15.435740976562359,0.4617269841269841,7.438124375357354
92,2013-03-20 20:54:21.760000+00:00,2013-03-20 22:32:24.370000+00:00,0 days 01:38:02.610000,55.527,-34.84,55.486000000000004,-34.993,3,"[4.6, 5.3, 4.4]","[1.5773305555555557, 0.05672777777777778]","[7.4270720400699615, 13.981100853587158]",1.5773305555555557,13.981100853587158,0.8170291666666667,10.70408644682856
93,2013-06-13 10:08:41.500000+00:00,2013-06-13 11:55:42.400000+00:00,0 days 01:47:00.900000,57.986,-32.05,58.0535,-32.1545,3,"[4.3, 4.2, 4.3]","[0.033647222222222224, 1.7499361111111111]","[19.451673432503803, 7.163263515891554]",1.7499361111111111,19.451673432503803,0.8917916666666666,13.307468474197679
94,2013-06-27 06:00:43.540000+00:00,2013-06-27 12:26:36.400000+00:00,0 days 06:25:52.860000,58.654,-31.56,58.551,-31.599,2,"[4.2, 4.1]",[6.43135],[23.390860047192707],6.43135,23.390860047192707,6.43135,23.390860047192707
95,2013-09-26 01:18:54.640000+00:00,2013-09-26 02:32:10.030000+00:00,0 days 01:13:15.390000,57.5481,-33.0433,57.468999999999994,-33.144850000000005,5,"[5.4, 4.6, 4.4, 4.0, 4.8]","[1.1123666666666667, 0.006913888888888889, 0.08389166666666667, 0.017769444444444445]","[22.793411935407057, 9.002174542214615, 9.186822419305186, 12.789905898453238]",1.1123666666666667,22.793411935407057,0.3052354166666667,13.443078698845024
96,2013-10-04 18:59:01.100000+00:00,2013-10-04 19:05:52.440000+00:00,0 days 00:06:51.340000,55.7576,-34.451,55.731399999999994,-34.6793,3,"[4.7, 4.7, 4.5]","[0.03956666666666667, 0.07469444444444444]","[16.64875684098283, 44.24907375112415]",0.07469444444444444,44.24907375112415,0.05713055555555555,30.448915296053492
97,2013-12-24 11:28:57.470000+00:00,2013-12-24 11:51:58.240000+00:00,0 days 00:23:00.770000,52.6342,-35.2119,52.6173,-35.1034,2,"[4.6, 4.3]",[0.3835472222222222],[15.17090627020193],0.3835472222222222,15.17090627020193,0.3835472222222222,15.17090627020193
98,2014-01-05 10:55:57.160000+00:00,2014-01-05 14:09:31.470000+00:00,0 days 03:13:34.310000,53.6769,-35.2624,53.77055,-35.111000000000004,5,"[4.3, 4.7, 4.5, 4.6, 4.5]","[0.004575, 0.20215555555555556, 0.15486944444444445, 2.8645972222222222]","[5.942972246958618, 19.885298899717863, 11.624413252492612, 5.282320698301658]",2.8645972222222222,19.885298899717863,0.8065493055555556,10.683751274367689
99,2014-01-28 19:30:37.400000+00:00,2014-01-29 05:59:20.070000+00:00,0 days 10:28:42.670000,56.5604,-34.2972,56.5128,-34.5656,14,"[4.5, 5.0, 4.8, 4.6, 4.8, 4.7, 4.9, 5.3, 4.4, 4.7, 5.0, 4.5, 4.4, 4.7]","[1.0574222222222223, 0.23253888888888888, 0.17974444444444446, 0.2114722222222222, 0.3675416666666667, 0.6205111111111111, 0.19118333333333334, 0.17015, 0.7457638888888889, 0.008141666666666667, 0.7107944444444445, 0.5367888888888889, 5.446466666666666]","[5.47931423687793, 6.722632882927733, 15.262779835555719, 10.157332762053626, 4.240681937482883, 1.4645699083079928, 8.136077824549476, 10.52125621538054, 2.790045172887934, 2.2157656692947043, 2.5322644364664146, 42.43239060998357, 5.635922247968464]",5.446466666666666,42.43239060998357,0.8060399572649573,9.045464133825922
100,2014-09-23 17:24:12.090000+00:00,2014-09-24 03:37:17.260000+00:00,0 days 10:13:05.170000,53.0362,-35.0944,53.1041,-35.10095,4,"[4.7, 5.4, 4.7, 4.6]","[1.9038194444444445, 6.1962972222222215, 2.117986111111111]","[13.063753868287218, 13.55883547569713, 12.787913484110359]",6.1962972222222215,13.55883547569713,3.4060342592592594,13.13683427603157
101,2014-09-30 15:54:18.200000+00:00,2014-09-30 18:58:50.060000+00:00,0 days 03:04:31.860000,56.791,-33.6996,56.82685,-33.9338,6,"[4.4, 4.4, 4.5, 4.5, 4.6, 4.7]","[0.9456916666666666, 0.057925, 1.1660861111111112, 0.04031111111111111, 0.8655027777777777]","[20.556473010354956, 14.798938295577932, 8.642021181779851, 5.9135081844345105, 8.73978838266483]",1.1660861111111112,20.556473010354956,0.6151033333333332,11.730145810962417
102,2014-10-10 04:55:09.140000+00:00,2014-10-10 05:12:11.080000+00:00,0 days 00:17:01.940000,53.313,-35.4604,53.32295,-35.212900000000005,3,"[4.1, 4.6, 4.5]","[0.25195833333333334, 0.03191388888888889]","[14.061872620548204, 36.1407590822737]",0.25195833333333334,36.1407590822737,0.14193611111111112,25.101315851410952
103,2014-10-12 01:06:06.850000+00:00,2014-10-12 15:05:46.760000+00:00,0 days 13:59:39.910000,57.4533,-33.3295,57.34075,-33.26519999999999,6,"[4.3, 5.3, 5.6, 4.8, 4.6, 4.5]","[4.1917888888888895, 0.3851138888888889, 0.043194444444444445, 0.9837888888888888, 8.390533333333332]","[17.59742039465633, 1.8824173265910473, 9.512534451860779, 1.8520290686032546, 7.725255855602434]",8.390533333333332,17.59742039465633,2.7988838888888887,7.713931419462767
104,2014-10-29 13:58:59.910000+00:00,2014-10-29 15:50:43.900000+00:00,0 days 01:51:43.990000,59.4078,-30.5552,59.4691,-30.3821,4,"[4.5, 4.5, 4.4, 4.5]","[0.08553055555555557, 0.15110277777777778, 1.625586111111111]","[25.189850543435732, 6.5065399033333975, 12.47282639539788]",1.625586111111111,25.189850543435732,0.6207398148148148,14.723072280722336
105,2014-12-27 05:27:48.780000+00:00,2014-12-27 07:25:37.970000+00:00,0 days 01:57:49.190000,55.4469,-34.94,55.42485,-35.0445,2,"[4.4, 5.3]",[1.9636638888888889],[14.114513281685968],1.9636638888888889,14.114513281685968,1.9636638888888889,14.114513281685968
106,2015-02-13 18:48:17.890000+00:00,2015-02-13 21:25:18.110000+00:00,0 days 02:37:00.220000,52.5081,-31.8737,52.605000000000004,-32.0248,9,"[5.3, 4.9, 7.1, 4.5, 5.2, 4.8, 4.5, 4.3, 4.6]","[0.163225, 0.01853611111111111, 0.53, 0.03621666666666667, 0.24206666666666668, 0.5294722222222222, 0.9040138888888888, 0.19319722222222221]","[16.443564840847014, 15.759631858159711, 36.45307380953427, 16.06812990005959, 2.178455616695084, 9.425942182588042, 6.271781521718545, 19.338552866604832]",0.9040138888888888,36.45307380953427,0.32709097222222216,15.242391574525886
107,2015-04-22 01:42:05.160000+00:00,2015-04-22 01:54:12.150000+00:00,0 days 00:12:06.990000,59.0408,-30.4249,59.1733,-30.342399999999998,2,"[4.1, 4.7]",[0.20194166666666666],[30.99179698655631],0.20194166666666666,30.99179698655631,0.20194166666666666,30.99179698655631
108,2015-06-04 12:17:06.850000+00:00,2015-06-04 12:22:51.150000+00:00,0 days 00:05:44.300000,59.8492,-29.9384,59.7798,-29.9585,2,"[4.8, 4.5]",[0.0956388888888889],[15.627499758461566],0.0956388888888889,15.627499758461566,0.0956388888888889,15.627499758461566
109,2015-09-07 07:25:02.720000+00:00,2015-09-07 08:17:11.310000+00:00,0 days 00:52:08.590000,59.43,-30.4946,59.2529,-30.476,3,"[4.4, 4.1, 4.4]","[0.40860277777777776, 0.46044999999999997]","[39.458002050852265, 19.19545523399933]",0.46044999999999997,39.458002050852265,0.43452638888888884,29.3267286424258
110,2015-11-02 08:06:30.230000+00:00,2015-11-02 13:00:18.790000+00:00,0 days 04:53:48.560000,53.358,-35.3302,53.39185,-35.25465,3,"[4.7, 4.6, 4.7]","[4.690936111111111, 0.20588611111111113]","[15.551974643627194, 4.719551416607043]",4.690936111111111,15.551974643627194,2.448411111111111,10.135763030117118
111,2015-11-30 18:30:13.210000+00:00,2015-11-30 20:50:56.710000+00:00,0 days 02:20:43.500000,58.536,-32.1065,58.42005,-32.0959,2,"[4.4, 4.2]",[2.3454166666666665],[25.85988125322977],2.3454166666666665,25.85988125322977,2.3454166666666665,25.85988125322977
112,2016-01-16 04:29:22.650000+00:00,2016-01-16 18:40:50.100000+00:00,0 days 14:11:27.450000,61.2548,-28.1438,60.980000000000004,-28.148899999999998,7,"[4.4, 4.4, 4.2, 4.7, 4.0, 4.5, 4.3]","[0.13615555555555556, 0.02330555555555556, 1.213572222222222, 3.627333333333333, 3.620358333333334, 5.570233333333333]","[25.343224047090878, 16.732633974808916, 13.639780489271851, 7.817727104568138, 39.96359970276509, 5.613108873682444]",5.570233333333333,39.96359970276509,2.3651597222222223,18.185012365364553
113,2016-05-10 17:20:59.830000+00:00,2016-05-10 18:10:34.040000+00:00,0 days 00:49:34.210000,57.5809,-32.8819,57.66265,-32.8582,2,"[5.0, 4.5]",[0.8261694444444444],[18.427748247839727],0.8261694444444444,18.427748247839727,0.8261694444444444,18.427748247839727
114,2016-06-23 01:48:49.830000+00:00,2016-06-23 01:52:22.490000+00:00,0 days 00:03:32.660000,57.5194,-33.11,57.53505,-32.9691,2,"[4.8, 4.5]",[0.05907222222222222],[17.235255204732454],0.05907222222222222,17.235255204732454,0.05907222222222222,17.235255204732454
115,2016-06-23 14:34:24.640000+00:00,2016-06-23 15:28:34.180000+00:00,0 days 00:54:09.540000,56.618,-34.4728,56.5586,-34.37905,5,"[4.4, 4.6, 4.5, 4.8, 4.5]","[0.3130388888888889, 0.32243055555555555, 0.1896027777777778, 0.07757777777777777]","[5.613083896982551, 14.883877332849355, 4.276080327361864, 10.351258181768713]",0.32243055555555555,14.883877332849355,0.2256625,8.781074934740621
116,2016-06-24 22:43:11.290000+00:00,2016-06-24 22:46:01.570000+00:00,0 days 00:02:50.280000,57.3973,-33.3819,57.3689,-33.313100000000006,2,"[4.8, 4.6]",[0.0473],[10.419248718227932],0.0473,10.419248718227932,0.0473,10.419248718227932
117,2016-06-25 01:57:57.430000+00:00,2016-06-25 03:14:36.690000+00:00,0 days 01:16:39.260000,56.6463,-34.4966,56.5834,-34.5428,8,"[4.8, 4.9, 4.5, 4.5, 4.4, 4.3, 4.7, 4.4]","[0.012972222222222224, 0.06212222222222222, 0.464775, 0.030119444444444445, 0.48789722222222226, 0.01704722222222222, 0.2026388888888889]","[16.05391892876145, 3.794007900226789, 5.717161743682019, 28.09902188014941, 10.643873229817348, 18.189042599478938, 2.2024053252349556]",0.48789722222222226,28.09902188014941,0.18251031746031746,12.099918801050128
118,2016-06-25 10:53:49.100000+00:00,2016-06-25 21:49:23.810000+00:00,0 days 10:55:34.710000,53.7979,-35.3351,53.8391,-35.475750000000005,11,"[4.3, 4.3, 4.6, 4.4, 5.5, 4.5, 4.4, 4.5, 4.4, 4.6, 4.7]","[0.5780111111111111, 0.09936666666666667, 5.634847222222223, 0.6962666666666667, 0.09938333333333332, 0.3284305555555555, 0.14418333333333333, 0.29575, 1.7848416666666667, 1.2652277777777776]","[18.971138582943265, 13.998343616957897, 15.346875514974297, 7.285710232169687, 12.133865354310991, 3.2844060741699894, 9.785176126752814, 18.351055206630132, 15.235030674645577, 2.686001116673225]",5.634847222222223,18.971138582943265,1.0926308333333332,11.707760250022789
119,2016-09-24 04:26:17.070000+00:00,2016-09-24 05:49:41.540000+00:00,0 days 01:23:24.470000,57.2032,-33.3936,57.302400000000006,-33.33705,4,"[4.9, 4.6, 4.7, 4.4]","[0.2733361111111111, 0.9433722222222222, 0.17342222222222223]","[2.8261294450798773, 14.106401886376988, 25.49208943293174]",0.9433722222222222,25.49208943293174,0.4633768518518518,14.141540254796203
120,2017-01-02 16:04:14.700000+00:00,2017-01-03 02:07:09.090000+00:00,0 days 10:02:54.390000,53.3783,-35.3232,53.156400000000005,-35.267849999999996,4,"[4.7, 4.4, 4.8, 4.5]","[0.018155555555555557, 0.6129555555555555, 9.417330555555555]","[24.68127392041439, 7.512503795381169, 25.629321636459768]",9.417330555555555,25.629321636459768,3.349480555555555,19.274366450751774
121,2017-01-27 18:49:27.800000+00:00,2017-01-27 22:51:44.030000+00:00,0 days 04:02:16.230000,59.4907,-30.4297,59.401349999999994,-30.3208,4,"[4.5, 4.6, 4.7, 4.7]","[1.097788888888889, 0.26739444444444443, 2.672658333333333]","[13.604287960064326, 8.36793977067019, 28.48780730338737]",2.672658333333333,28.48780730338737,1.3459472222222224,16.82001167804063
122,2017-03-02 19:04:10.790000+00:00,2017-03-02 19:13:15.670000+00:00,0 days 00:09:04.880000,61.4696,-27.4331,61.41,-27.431350000000002,2,"[4.4, 5.0]",[0.15135555555555555],[13.28447508065306],0.15135555555555555,13.28447508065306,0.15135555555555555,13.28447508065306
123,2017-03-31 17:25:23.130000+00:00,2017-03-31 20:38:41.070000+00:00,0 days 03:13:17.940000,52.6741,-32.3187,52.628150000000005,-32.19745,2,"[5.5, 4.6]",[3.2216500000000003],[19.34446908988938],3.2216500000000003,19.34446908988938,3.2216500000000003,19.34446908988938
124,2017-04-17 17:14:04.950000+00:00,2017-04-17 22:57:46.400000+00:00,0 days 05:43:41.450000,55.5374,-35.2452,55.566199999999995,-35.26349999999999,2,"[4.6, 4.5]",[5.728180555555555],[6.815887352132117],5.728180555555555,6.815887352132117,5.728180555555555,6.815887352132117
125,2017-09-01 09:34:31.820000+00:00,2017-09-01 11:20:51.130000+00:00,0 days 01:46:19.310000,56.9058,-34.2548,56.96255,-33.97135,7,"[4.7, 4.7, 4.5, 5.2, 5.5, 4.6, 4.9]","[1.0506527777777777, 0.09101388888888888, 0.27740555555555557, 0.13237222222222222, 0.07033611111111111, 0.15025]","[27.1217083519316, 22.984121648914602, 15.551435494560188, 15.124359411523853, 11.23458599596178, 6.9213753332272345]",1.0506527777777777,27.1217083519316,0.2953384259259259,16.489597706019875
126,2017-09-10 21:39:58.680000+00:00,2017-09-11 03:15:18.750000+00:00,0 days 05:35:20.070000,57.1138,-33.3022,57.0686,-33.534099999999995,5,"[4.8, 5.7, 4.6, 4.5, 4.3]","[0.006083333333333333, 0.12067222222222222, 0.23190555555555556, 5.230247222222222]","[21.304841862620354, 24.80063183925442, 9.711061278564426, 9.86922388637054]",5.230247222222222,24.80063183925442,1.3972270833333333,16.421439716702434
127,2017-09-12 19:09:11.700000+00:00,2017-09-12 23:10:35.180000+00:00,0 days 04:01:23.480000,58.0996,-32.3427,58.0531,-32.4024,5,"[4.7, 4.9, 4.6, 4.9, 4.9]","[1.9152694444444445, 0.17026944444444445, 0.9852777777777778, 0.9523722222222222]","[4.2038975375059415, 1.4714451558334949, 6.993376651228415, 5.3285910987955605]",1.9152694444444445,6.993376651228415,1.0057972222222222,4.499327610840853
128,2018-01-11 09:46:07.430000+00:00,2018-01-11 09:50:12.250000+00:00,0 days 00:04:04.820000,59.141,-31.0014,59.1134,-30.96405,2,"[5.4, 4.9]",[0.06800555555555556],[7.49158760211685],0.06800555555555556,7.49158760211685,0.06800555555555556,7.49158760211685
129,2018-01-29 12:14:42.010000+00:00,2018-01-29 12:30:02.090000+00:00,0 days 00:15:20.080000,53.72,-35.1264,53.684749999999994,-35.23385,3,"[4.6, 4.8, 4.5]","[0.06543333333333333, 0.19014444444444445]","[4.9304267297482856, 14.574806626168806]",0.19014444444444445,14.574806626168806,0.1277888888888889,9.752616677958546
130,2018-02-02 06:23:56.090000+00:00,2018-02-02 08:03:59.280000+00:00,0 days 01:40:03.190000,53.1093,-35.1806,53.1303,-35.19045,3,"[5.3, 4.6, 4.7]","[1.4909083333333335, 0.17664444444444444]","[1.32494513688671, 4.820693892427865]",1.4909083333333335,4.820693892427865,0.8337763888888889,3.0728195146572874
131,2018-08-14 05:07:50.540000+00:00,2018-08-14 07:04:37.480000+00:00,0 days 01:56:46.940000,58.3099,-31.9579,58.35025,-32.103300000000004,6,"[4.9, 4.4, 4.6, 4.7, 4.3, 4.5]","[0.5068138888888889, 0.2897222222222222, 0.10082500000000001, 0.11911111111111111, 0.9299]","[28.517203907565744, 4.093759234935112, 0.2230125015810651, 2.574268298669904, 22.762709254496002]",0.9299,28.517203907565744,0.3892744444444444,11.634190639449567
132,2018-11-02 11:06:02.100000+00:00,2018-11-02 11:32:52.180000+00:00,0 days 00:26:50.080000,57.2979,-33.0149,57.4653,-32.98715,4,"[5.4, 4.6, 4.7, 4.9]","[0.2061972222222222, 0.20188333333333333, 0.039163888888888894]","[27.132700963606798, 14.664510578945238, 4.37227688972117]",0.2061972222222222,27.132700963606798,0.14908148148148148,15.389829477424401
133,2018-12-14 06:17:30.040000+00:00,2018-12-14 06:29:15.600000+00:00,0 days 00:11:45.560000,57.4109,-33.1558,57.3952,-33.164,2,"[5.0, 4.5]",[0.19598888888888888],[3.6332912768368013],0.19598888888888888,3.6332912768368013,0.19598888888888888,3.6332912768368013
134,2018-12-30 06:48:28.320000+00:00,2018-12-30 16:27:16.130000+00:00,0 days 09:38:47.810000,56.9793,-34.0035,56.8476,-34.13675,4,"[4.9, 4.3, 4.4, 4.5]","[0.2891416666666667, 9.215911111111112, 0.1415611111111111]","[35.22813236846385, 10.706774854550355, 11.612255586433013]",9.215911111111112,35.22813236846385,3.2155379629629635,19.18238760314907
135,2019-02-28 12:34:36.914000+00:00,2019-02-28 12:35:14.440000+00:00,0 days 00:00:37.526000,56.6248,-34.8979,56.638400000000004,-34.672650000000004,2,"[4.1, 4.5]",[0.01042388888888889],[27.808236352197866],0.01042388888888889,27.808236352197866,0.01042388888888889,27.808236352197866
136,2019-03-10 16:23:49.780000+00:00,2019-03-10 19:40:40.810000+00:00,0 days 03:16:51.030000,58.4624,-31.8599,58.3832,-31.6977,7,"[5.1, 5.5, 5.9, 4.6, 4.6, 4.6, 4.3]","[1.581563888888889, 0.10435833333333333, 0.4764555555555556, 0.4280916666666667, 0.24235, 0.44802222222222227]","[7.384669389547365, 13.427533446981576, 24.209348565592602, 11.280794513680812, 14.341006771697094, 4.628833372453659]",1.581563888888889,24.209348565592602,0.5468069444444444,12.545364343325517
137,2019-03-11 08:00:02.417000+00:00,2019-03-11 20:12:46.245000+00:00,0 days 12:12:43.828000,58.5317,-31.6652,58.4531,-31.81525,3,"[4.5, 4.9, 4.5]","[3.007158888888889, 9.205015555555555]","[22.029981418768642, 16.10458760051271]",9.205015555555555,22.029981418768642,6.1060872222222216,19.067284509640675
138,2019-07-13 16:09:40.326000+00:00,2019-07-13 16:12:01.238000+00:00,0 days 00:02:20.912000,54.2451,-35.0593,54.16865,-35.04585,2,"[4.2, 4.5]",[0.039142222222222224],[17.10945302376025],0.039142222222222224,17.10945302376025,0.039142222222222224,17.10945302376025
139,2019-09-05 11:52:06.491000+00:00,2019-09-05 15:47:39.066000+00:00,0 days 03:55:32.575000,52.5864,-31.916,52.613299999999995,-31.80415,2,"[5.5, 4.6]",[3.925715277777778],[16.292266355274236],3.925715277777778,16.292266355274236,3.925715277777778,16.292266355274236
140,2019-09-14 02:48:50.430000+00:00,2019-09-14 02:55:24.943000+00:00,0 days 00:06:34.513000,54.7027,-35.1585,54.64765,-35.18355,2,"[4.5, 4.4]",[0.10958694444444443],[12.675539046637926],0.10958694444444443,12.675539046637926,0.10958694444444443,12.675539046637926
141,2019-10-27 21:14:41.668000+00:00,2019-10-27 21:47:01.386000+00:00,0 days 00:32:19.718000,59.469,-30.4859,59.326,-30.49175,2,"[4.4, 4.7]",[0.5388105555555556],[31.867578094043115],0.5388105555555556,31.867578094043115,0.5388105555555556,31.867578094043115
142,2019-12-20 05:44:29.647000+00:00,2019-12-20 13:43:12.537000+00:00,0 days 07:58:42.890000,59.4868,-30.3885,59.46615,-30.410899999999998,14,"[4.6, 4.3, 5.1, 4.9, 4.5, 4.4, 4.3, 4.5, 4.4, 4.6, 4.3, 4.6, 4.4, 4.3]","[0.44198611111111114, 0.013731944444444446, 0.030299166666666665, 0.7440441666666667, 0.0882938888888889, 0.19578027777777776, 1.6510091666666666, 0.10956861111111112, 0.4752658333333334, 1.9045541666666668, 0.05776722222222222, 0.061850833333333334, 2.2044291666666664]","[18.37944627366794, 4.177625482064868, 5.748709274650968, 2.528312986732089, 8.70141422378574, 5.229980316958473, 8.953093540141957, 8.584465378059855, 4.826350608234078, 9.316560499506227, 0.6805824844657573, 4.354514556350994, 18.662368827437046]",2.2044291666666664,18.662368827437046,0.6137369658119658,7.703340342465846
143,2020-01-09 13:05:48.099000+00:00,2020-01-09 13:30:27.602000+00:00,0 days 00:24:39.503000,57.919,-32.191,57.7778,-32.180099999999996,2,"[4.2, 4.4]",[0.4109730555555555],[31.478673125239148],0.4109730555555555,31.478673125239148,0.4109730555555555,31.478673125239148
144,2020-03-16 06:29:07.745000+00:00,2020-03-16 07:47:19.073000+00:00,0 days 01:18:11.328000,59.9215,-29.7915,59.98625,-29.8649,6,"[4.4, 4.5, 4.9, 4.5, 4.2, 5.3]","[0.02252888888888889, 0.04504944444444444, 0.023216944444444446, 1.2014844444444444, 0.010866944444444445]","[14.70797664654064, 12.21838600845965, 6.093132661975185, 30.016129867673982, 8.212084405509744]",1.2014844444444444,30.016129867673982,0.2606293333333333,14.249541918031841
145,2020-04-16 19:55:59.769000+00:00,2020-04-16 21:03:26.306000+00:00,0 days 01:07:26.537000,52.6537,-34.7727,52.7145,-34.609049999999996,3,"[4.5, 4.4, 4.5]","[1.0246858333333333, 0.09935222222222223]","[18.030794846898374, 7.913007237074937]",1.0246858333333333,18.030794846898374,0.5620190277777778,12.971901041986655
146,2020-04-17 12:05:07.451000+00:00,2020-04-17 12:28:52.050000+00:00,0 days 00:23:44.599000,52.7452,-34.6262,52.7184,-34.57365,2,"[5.3, 4.5]",[0.3957219444444444],[9.274414508653345],0.3957219444444444,9.274414508653345,0.3957219444444444,9.274414508653345
147,2020-06-24 14:57:19.661000+00:00,2020-06-24 17:04:00.272000+00:00,0 days 02:06:40.611000,56.7213,-34.4217,56.61215,-34.437349999999995,3,"[4.3, 4.6, 4.2]","[0.013285, 2.0979958333333335]","[7.531925688340026, 17.21866509677843]",2.0979958333333335,17.21866509677843,1.0556404166666669,12.375295392559227
148,2020-09-06 07:36:19.412000+00:00,2020-09-06 15:17:09.879000+00:00,0 days 07:40:50.467000,60.7164,-28.6033,60.7605,-28.58145,2,"[4.4, 4.4]",[7.680685277777778],[10.112310632171436],7.680685277777778,10.112310632171436,7.680685277777778,10.112310632171436
149,2020-10-22 02:31:42.248000+00:00,2020-10-22 12:00:48.550000+00:00,0 days 09:29:06.302000,52.9112,-35.3441,52.79795,-35.0706,3,"[4.7, 4.6, 4.7]","[8.385785, 1.0992988888888888]","[43.01516334962655, 19.383546639724717]",8.385785,43.01516334962655,4.7425419444444445,31.19935499467563
150,2020-11-03 02:29:44.849000+00:00,2020-11-03 14:08:35.392000+00:00,0 days 11:38:50.543000,57.6236,-32.9635,57.6664,-32.9996,4,"[4.6, 4.6, 4.4, 4.4]","[3.672810277777778, 0.07967527777777779, 7.8948875]","[5.18890468072666, 9.291286972129614, 12.32078199571167]",7.8948875,12.32078199571167,3.882457685185185,8.93365788285598
151,2020-12-08 05:05:13.779000+00:00,2020-12-08 08:03:25.013000+00:00,0 days 02:58:11.234000,54.5451,-35.0428,54.5758,-35.18895,2,"[4.6, 4.8]",[2.969787222222222],[20.100020698122442],2.969787222222222,20.100020698122442,2.969787222222222,20.100020698122442
152,2021-03-14 12:47:11.578000+00:00,2021-03-14 15:38:22.296000+00:00,0 days 02:51:10.718000,56.5785,-34.5868,56.549549999999996,-34.49405,2,"[4.2, 4.5]",[2.8529772222222225],[13.104748266378179],2.8529772222222225,13.104748266378179,2.8529772222222225,13.104748266378179
153,2021-04-02 23:09:18.200000+00:00,2021-04-02 23:43:56.234000+00:00,0 days 00:34:38.034000,59.4529,-30.5427,59.38975,-30.588549999999998,2,"[4.5, 4.4]",[0.5772316666666667],[15.003957994562143],0.5772316666666667,15.003957994562143,0.5772316666666667,15.003957994562143
154,2021-04-18 15:17:18.602000+00:00,2021-04-18 22:24:22.290000+00:00,0 days 07:07:03.688000,61.8285,-26.7415,61.81815,-26.8013,4,"[4.9, 4.4, 4.2, 4.4]","[0.06688305555555556, 0.15072027777777777, 6.900087777777777]","[6.579649764915839, 3.602848810173025, 6.479125879069023]",6.900087777777777,6.579649764915839,2.3725637037037033,5.55387481805263
155,2021-05-23 11:44:41.395000+00:00,2021-05-23 12:22:43.755000+00:00,0 days 00:38:02.360000,60.9796,-28.078,61.014399999999995,-28.03765,3,"[4.4, 4.3, 4.1]","[0.24189083333333333, 0.3920980555555556]","[4.633916643466323, 7.859417021648282]",0.3920980555555556,7.859417021648282,0.31699444444444447,6.2466668325573025
156,2021-06-04 21:02:45.430000+00:00,2021-06-05 01:31:45.751000+00:00,0 days 04:29:00.321000,58.416,-32.1112,58.25525,-32.1466,5,"[4.5, 4.5, 4.4, 4.7, 5.2]","[0.044255, 0.015658055555555557, 0.012121111111111112, 4.411388333333333]","[35.888994371108424, 2.6981439501724176, 10.061583835120057, 5.339204802219903]",4.411388333333333,35.888994371108424,1.120855625,13.4969817396552
157,2021-07-27 15:39:51.615000+00:00,2021-07-27 22:08:01.535000+00:00,0 days 06:28:09.920000,56.4487,-34.1989,56.5209,-34.2708,3,"[4.4, 4.5, 4.4]","[0.648053611111111, 5.821368611111111]","[5.094385406339166, 13.958822441701068]",5.821368611111111,13.958822441701068,3.234711111111111,9.526603924020117
158,2021-08-01 00:18:19.597000+00:00,2021-08-01 13:03:09.045000+00:00,0 days 12:44:49.448000,62.8263,-25.2205,62.7849,-25.1234,11,"[4.5, 4.6, 4.8, 4.7, 4.7, 4.3, 4.5, 4.3, 5.2, 4.5, 4.7]","[0.2569444444444444, 0.2908080555555556, 0.07230361111111111, 0.5060547222222223, 8.839850833333333, 0.05158527777777778, 0.0780111111111111, 0.2732252777777778, 1.4358302777777776, 0.9424552777777777]","[9.819274327471746, 6.233797954109208, 7.340379296977589, 2.243071438883438, 5.182175980190739, 3.8248447404518147, 19.612263867515107, 12.901208867743732, 2.835506857246396, 1.549001157104967]",8.839850833333333,19.612263867515107,1.2747068888888888,7.154152448769475
159,2021-08-13 07:37:14.862000+00:00,2021-08-13 07:38:18.303000+00:00,0 days 00:01:03.441000,53.8473,-35.2628,53.7696,-35.12935,2,"[4.4, 4.7]",[0.0176225],[24.67524818578545],0.0176225,24.67524818578545,0.0176225,24.67524818578545
160,2021-09-22 19:02:29.569000+00:00,2021-09-23 01:18:29.485000+00:00,0 days 06:15:59.916000,56.3087,-34.1711,56.39435,-34.2971,2,"[4.6, 4.5]",[6.266643333333334],[24.61727685134846],6.266643333333334,24.61727685134846,6.266643333333334,24.61727685134846
161,2021-09-26 03:07:30.941000+00:00,2021-09-26 10:03:48.638000+00:00,0 days 06:56:17.697000,58.0397,-32.4175,58.06425,-32.472049999999996,2,"[4.6, 4.4]",[6.938249166666667],[8.448556650085715],6.938249166666667,8.448556650085715,6.938249166666667,8.448556650085715
162,2021-09-28 03:23:51.550000+00:00,2021-09-28 04:17:20.062000+00:00,0 days 00:53:28.512000,54.1498,-35.1009,54.21445,-35.05675,2,"[4.3, 4.5]",[0.8912533333333333],[15.502279252487675],0.8912533333333333,15.502279252487675,0.8912533333333333,15.502279252487675
163,2021-10-10 15:54:31.169000+00:00,2021-10-10 16:29:29.527000+00:00,0 days 00:34:58.358000,57.7871,-32.7005,57.7476,-32.67715,3,"[4.5, 4.8, 4.3]","[0.2511380555555556, 0.33173916666666664]","[8.158771585938544, 17.38672853621511]",0.33173916666666664,17.38672853621511,0.29143861111111113,12.772750061076827
164,2022-01-02 11:47:55.314000+00:00,2022-01-02 13:56:37.357000+00:00,0 days 02:08:42.043000,61.1476,-27.9659,61.0313,-27.67925,6,"[4.4, 4.2, 4.6, 4.6, 4.6, 4.5]","[0.09593138888888889, 0.4147386111111111, 0.19911416666666668, 0.005679444444444445, 1.4295483333333332]","[19.568199205981248, 7.340565840418411, 37.369679443611915, 26.897554464952634, 4.303513794942139]",1.4295483333333332,37.369679443611915,0.42900238888888886,19.09590254998127
165,2022-02-13 10:00:29.355000+00:00,2022-02-13 15:19:25.802000+00:00,0 days 05:18:56.447000,57.4802,-33.2349,57.471999999999994,-33.13435,4,"[4.8, 4.9, 4.4, 4.1]","[0.03228138888888889, 1.6226333333333331, 3.660765]","[9.043195079770317, 8.785339654857003, 11.096697688502513]",3.660765,11.096697688502513,1.7718932407407406,9.641744141043278
166,2022-06-11 14:41:08.831000+00:00,2022-06-11 15:40:52.461000+00:00,0 days 00:59:43.630000,54.2913,-35.0654,54.2321,-35.088449999999995,2,"[4.5, 4.9]",[0.9954527777777779],[13.517540292434937],0.9954527777777779,13.517540292434937,0.9954527777777779,13.517540292434937
167,2022-08-21 15:27:04.216000+00:00,2022-08-21 16:32:34.415000+00:00,0 days 01:05:30.199000,60.514,-28.6917,60.56855,-28.741999999999997,3,"[4.7, 5.2, 4.4]","[0.019420555555555555, 1.0723013888888888]","[7.607825822925321, 8.463820290442651]",1.0723013888888888,8.463820290442651,0.5458609722222222,8.035823056683986
168,2022-09-20 12:14:39.229000+00:00,2022-09-21 11:49:41.423000+00:00,0 days 23:35:02.194000,52.9272,-31.9952,52.75675,-31.654400000000003,6,"[4.3, 4.2, 4.3, 4.3, 4.8, 4.5]","[0.17379305555555555, 6.900357777777778, 8.543593333333334, 4.564136666666666, 3.4020619444444447]","[33.29950463591091, 1.1747694988964987, 4.900875040535447, 7.759357516917452, 38.0221367756856]",8.543593333333334,38.0221367756856,4.7167885555555555,17.03132869358918
169,2022-09-26 06:58:24.133000+00:00,2022-10-01 13:41:38.787000+00:00,5 days 06:43:14.654000,54.0507,-35.202,53.80445,-35.18585,263,"[4.5, 4.9, 4.4, 5.8, 4.8, 4.4, 4.5, 4.6, 4.5, 4.5, 4.5, 4.7, 4.7, 4.4, 4.4, 4.6, 4.6, 4.4, 4.8, 4.6, 4.7, 4.5, 4.7, 4.4, 4.7, 4.5, 4.3, 4.3, 4.9, 4.2, 4.5, 4.9, 4.8, 4.6, 4.4, 4.6, 4.4, 4.7, 4.6, 4.6, 4.9, 4.6, 5.4, 4.2, 4.5, 4.7, 4.7, 4.5, 4.5, 4.6, 4.6, 4.4, 4.5, 4.5, 4.3, 4.3, 4.4, 4.5, 4.5, 4.5, 4.4, 4.7, 4.6, 4.3, 4.7, 4.6, 4.5, 4.6, 4.6, 4.5, 4.7, 4.6, 4.5, 4.5, 4.8, 4.5, 4.5, 4.6, 4.6, 4.7, 4.3, 4.5, 4.9, 4.3, 4.6, 4.7, 4.7, 4.8, 4.8, 4.4, 4.5, 4.4, 4.3, 4.5, 4.3, 4.4, 4.6, 4.3, 4.6, 4.5, 4.4, 4.7, 4.4, 4.6, 4.8, 4.4, 4.5, 4.8, 4.6, 4.9, 4.5, 4.5, 4.6, 4.6, 4.5, 4.7, 4.6, 4.4, 4.4, 4.4, 4.6, 4.6, 4.9, 4.6, 4.5, 4.6, 4.5, 4.3, 4.8, 4.7, 4.5, 4.5, 4.5, 4.6, 4.5, 4.6, 4.5, 4.5, 4.3, 4.6, 4.5, 5.1, 4.6, 4.9, 4.6, 4.6, 4.6, 4.6, 4.7, 4.4, 5.0, 4.6, 4.5, 4.5, 4.6, 4.2, 4.6, 4.6, 4.4, 4.6, 4.9, 4.3, 4.6, 4.6, 4.6, 4.4, 4.7, 4.5, 4.5, 4.6, 4.3, 4.3, 4.4, 4.4, 4.7, 4.6, 4.6, 4.5, 4.4, 4.5, 4.5, 4.5, 4.5, 4.5, 4.5, 4.6, 4.6, 4.9, 4.6, 4.6, 4.5, 4.3, 5.2, 4.3, 4.2, 4.1, 4.2, 4.3, 5.0, 4.8, 4.4, 4.3, 4.5, 4.6, 4.4, 4.5, 4.5, 4.6, 4.5, 4.6, 4.4, 4.6, 4.8, 4.7, 4.7, 4.7, 4.5, 4.5, 4.7, 5.1, 4.6, 4.4, 4.5, 4.6, 4.7, 4.8, 4.7, 4.4, 4.5, 4.8, 5.8, 4.5, 4.4, 4.2, 4.3, 4.4, 4.7, 4.5, 4.5, 4.5, 4.9, 4.7, 4.7, 4.6, 4.5, 4.8, 4.6, 4.5, 4.6, 4.9, 4.6, 4.6, 6.0, 4.6, 4.5, 4.8, 4.5, 4.5, 4.8, 4.6, 4.5, 4.7, 4.6]","[0.7099197222222222, 0.02684861111111111, 2.2888419444444446, 0.11587499999999999, 0.3600675, 2.873671666666667, 0.11529388888888889, 0.1811036111111111, 0.14291638888888888, 0.20696916666666668, 0.028490277777777778, 0.09631138888888889, 0.3832836111111111, 0.22886944444444443, 0.09029, 0.09207388888888889, 0.017776944444444446, 0.06573999999999999, 0.3108591666666667, 0.004755833333333333, 0.280345, 0.15983805555555555, 0.21266083333333333, 0.18070055555555556, 0.32640416666666666, 0.014135833333333334, 0.22134305555555556, 0.5596055555555556, 0.43370416666666667, 0.4049041666666667, 0.13743388888888888, 0.12150916666666667, 0.2393263888888889, 0.37965055555555555, 0.4326727777777778, 0.04016527777777778, 0.08060722222222222, 0.013087777777777778, 0.020716944444444444, 0.0911561111111111, 0.31235, 0.5289338888888889, 0.03487083333333333, 1.8158661111111112, 0.37844777777777777, 0.3622255555555555, 0.7612963888888888, 0.5050830555555555, 0.24631583333333332, 0.04218472222222223, 0.0060886111111111115, 0.5721663888888889, 0.7541552777777777, 0.5587030555555555, 0.2700341666666667, 0.1900633333333333, 0.09212777777777778, 0.5021786111111112, 0.3147069444444444, 0.04253944444444444, 0.013566666666666668, 0.6075152777777777, 0.020161111111111112, 0.10731194444444443, 0.7446775, 0.42584777777777777, 0.14844749999999998, 0.15661777777777777, 0.5743388888888888, 0.5762088888888889, 0.10076361111111112, 0.8033408333333334, 0.1610563888888889, 0.40079000000000004, 1.1101613888888888, 0.5273330555555555, 0.15065583333333332, 0.3460438888888889, 0.05968666666666667, 0.23755083333333332, 0.7342677777777777, 0.03690666666666667, 0.46557472222222224, 0.3057594444444444, 0.35822166666666666, 0.2274425, 0.0062161111111111115, 0.42041805555555556, 0.38036000000000003, 0.4233325, 0.10389611111111112, 0.6560688888888889, 0.03489111111111111, 0.07733916666666667, 0.07078361111111112, 0.40402055555555555, 0.19960083333333334, 0.6677580555555556, 1.244846111111111, 0.5140202777777778, 0.5228355555555556, 0.12258166666666666, 0.4550313888888889, 0.23788833333333334, 0.44960861111111106, 0.1331325, 0.6863894444444444, 0.008593055555555555, 0.13181638888888889, 0.23504694444444443, 0.4360894444444445, 0.138875, 0.36577888888888893, 0.06963888888888889, 0.6749241666666667, 0.032640555555555555, 0.17598999999999998, 0.25710194444444445, 0.5778916666666666, 0.11156111111111111, 0.14775027777777777, 0.39055416666666665, 0.07565111111111111, 0.13188972222222223, 0.011990555555555555, 0.3084686111111111, 0.2593738888888889, 0.01730861111111111, 0.03804805555555556, 0.3614586111111111, 0.2535338888888889, 0.5250952777777778, 0.02011861111111111, 0.5562383333333334, 0.21493444444444446, 1.189491388888889, 0.14820777777777777, 0.7545316666666666, 0.3776361111111111, 0.036012777777777776, 0.5735352777777777, 0.4480558333333333, 0.7727502777777777, 0.24163083333333332, 0.005267222222222222, 0.2372538888888889, 0.6245258333333333, 0.7473211111111112, 0.009488888888888889, 0.19259833333333334, 0.9450183333333333, 0.6638677777777777, 0.5588702777777778, 0.29292861111111107, 0.030564444444444443, 0.27806277777777777, 0.5257088888888889, 0.8108116666666667, 0.0075386111111111105, 0.06428444444444445, 0.1690125, 0.009243333333333334, 0.8451727777777778, 0.3757225, 2.115035277777778, 0.19631611111111114, 0.36603305555555554, 0.15882388888888888, 0.09415972222222223, 0.5034477777777778, 0.7720408333333334, 0.15125944444444445, 0.07358944444444446, 1.129345, 0.07263611111111111, 0.08931805555555555, 0.27318444444444445, 0.06464083333333333, 0.29810555555555557, 0.5222794444444444, 0.48887555555555556, 0.1143275, 0.5990861111111111, 0.18991638888888887, 0.16389777777777778, 0.5096411111111111, 0.0668963888888889, 0.9654086111111111, 0.5058911111111112, 0.15062055555555556, 0.05303805555555556, 0.08367916666666667, 0.25984722222222223, 0.09602111111111111, 0.03953888888888889, 0.5728247222222221, 0.7021425, 0.06936916666666668, 0.6123391666666667, 0.1095025, 0.14902583333333336, 0.04149916666666666, 0.044505833333333335, 0.02255611111111111, 0.2327086111111111, 0.09549972222222222, 0.04259333333333334, 0.14985805555555556, 0.008078611111111111, 0.1903886111111111, 0.3476694444444444, 0.41484777777777776, 0.37667666666666666, 0.8594197222222223, 0.4108144444444444, 0.4308155555555555, 0.272675, 0.5898905555555556, 0.39179111111111115, 0.1205288888888889, 0.4594425, 0.7492861111111111, 0.43892444444444445, 0.5765455555555555, 0.07207055555555555, 0.15075444444444444, 0.4211622222222222, 1.9885505555555556, 0.27408805555555554, 0.3575177777777778, 0.06358416666666666, 0.8578977777777778, 0.23038027777777778, 0.7332797222222222, 2.3582597222222224, 0.6116080555555556, 0.38729166666666665, 0.6752463888888889, 0.5129388888888888, 0.34230472222222225, 4.058916666666667, 0.9981041666666667, 8.276684166666666, 0.7041094444444445, 0.483875, 0.7285297222222222, 1.5781627777777778, 4.4791155555555555, 0.24635277777777778, 0.8820636111111111, 0.42883305555555556, 4.135649722222222, 0.15781944444444443, 0.1839508333333333, 0.44585722222222224, 2.316987777777778, 0.34768027777777777, 0.20067749999999998, 6.553427777777777, 1.7981194444444444, 0.30969, 0.06506777777777778]","[7.56865113258464, 0.6344436406137471, 6.79901997371441, 1.880776755240349, 37.97245142451038, 39.07007940918985, 37.04282330637351, 5.948802064934762, 31.440366389117063, 8.264358150275699, 9.591866529603385, 14.5445696340558, 7.316950554102146, 4.134367797665606, 4.3513243758200435, 12.889323685229305, 2.1643556950940623, 4.3605452031419825, 3.1898111890257113, 5.810690508391038, 2.085594898178167, 5.665074176471247, 4.124098013805188, 9.800974143943483, 6.95125277753142, 0.9565594554887429, 5.346141913640194, 2.343113317225518, 11.736549477701828, 0.8369092829124728, 11.763115848733287, 1.745523996263906, 2.9675886996137564, 6.132014642691639, 1.7561882433740723, 2.633027870750298, 4.917327260757327, 2.2276823197189506, 5.5092153654774965, 2.304238806053476, 3.2749489061285004, 4.581190436572022, 3.01363863417139, 4.519955398245168, 1.3383681502195746, 5.296335180516011, 1.0301324204687006, 3.1965681113150697, 9.835338641890619, 2.374788344889132, 2.5820722675843015, 1.2462733167214581, 2.539898870296803, 3.6460669705384796, 1.5766288636315, 2.6135771616950763, 3.977643372493388, 5.228501308379156, 3.933609544769773, 5.7212154635605605, 1.8674215726261965, 2.4661480490115495, 13.635741670796486, 0.7709294335865381, 5.581952558744206, 4.583246166962998, 6.7905760454414485, 1.1703810909039205, 4.297619917949867, 2.1541801106328298, 1.4610638275321868, 1.8454776291580448, 2.254136695729745, 20.986170303306608, 1.2421098583187347, 4.602483113052085, 1.398142343716041, 7.152480626463424, 12.265129022884281, 8.688357609564713, 3.273079959609089, 1.4427626827567976, 7.243274555410573, 2.4594699011324113, 0.3572512175421324, 9.0290937920858, 8.585105809419604, 1.1766643735424025, 11.725391413122319, 3.966842520697747, 1.6748418157998815, 1.8041136226357504, 3.471918157362226, 38.615804891649354, 9.732075762277807, 0.8437898001549162, 14.563539649318185, 3.77439827745197, 0.2252194532950436, 4.34698228347632, 3.22793105456478, 2.8335776725248913, 6.991213948680487, 4.190944178843858, 3.5771533689491055, 16.807862187091686, 1.3079099173548632, 3.4257091173662575, 3.5972530269410026, 1.1829678326660042, 1.6761295959354596, 1.4873588121586372, 2.083821948645537, 7.460352779046228, 2.4707878647848527, 0.6685047632243482, 2.6987094393162288, 1.751588124620889, 1.6532738120651702, 6.629498370714295, 1.2745312857804263, 0.6282445271826727, 0.9131443483048073, 0.9381620927036246, 8.15084599088181, 0.691833634225067, 1.5044138598021435, 1.2967219680923159, 3.274890817809046, 1.0557690589048578, 1.5795645097633202, 3.0277145272985155, 1.5472262376585413, 2.9241590584409303, 1.9307073686679241, 2.334204612977715, 1.6326488701793167, 2.564578945178588, 1.7891725239463618, 14.685068206492053, 0.2535127036806021, 1.33116072948181, 2.2186933564467495, 2.921811471244548, 0.8547755421127791, 1.018614517949072, 3.8875217636468458, 0.8576594970553664, 3.651679036771679, 0.876799522617328, 2.4204413469599944, 3.2290828235540046, 1.169251596922979, 3.9928666642140747, 9.738293133184035, 1.830560276772763, 0.6821271670394619, 1.4687045546781525, 7.370351885305093, 6.992603796802151, 2.4842031254677774, 5.131763057382339, 1.286914270319744, 0.9740978750542452, 1.747869008325906, 0.40026223954875373, 4.100454369845828, 1.1318382492513481, 1.0910292792023877, 3.7752987701921294, 22.409103323037122, 13.069372051764342, 2.6026657364799117, 0.6471887271075847, 3.631379816175658, 2.749493974376043, 2.5292939131132686, 3.2674348485959763, 3.435612981351312, 1.8509526196265833, 2.536915717468711, 1.8269602038098176, 3.638597776065036, 2.463064712995861, 0.4427801901690983, 2.1184255660124216, 1.9278533476838144, 0.5120209891369565, 8.569351081458414, 0.8547956095589057, 2.235809080290793, 3.4065957570716403, 2.5561113368977404, 1.4075988381873132, 1.102361828285501, 1.3866402869199983, 1.6338975513045675, 0.6905755889132424, 1.2726764011603933, 0.3861251360231434, 0.01319755711243758, 2.576575135802822, 0.8710096016385506, 0.8555634418296822, 3.187267370834447, 3.6668959206251897, 1.625598139495501, 5.598840370099104, 1.4160567652922647, 27.05924825705934, 1.5185527161337562, 1.9613784499795675, 5.63612668204513, 2.5752322798571305, 6.962617274984932, 5.152899280377496, 1.5842823548445022, 0.8964322543685503, 1.7772507417752568, 2.437722659942516, 2.87568639061582, 1.1275954222916118, 0.29826390045269874, 3.4211403678213768, 1.3581411172269664, 1.3107039398207565, 1.841790807655131, 0.7642096194924377, 0.3364124738753906, 2.5823355381616464, 4.475557942871912, 1.9287528206413291, 0.5902264998939978, 2.6860446578389396, 0.890200310901863, 2.9864811703104692, 1.4445459204660749, 1.0338105771875488, 5.910537391190438, 2.6767891889495683, 1.8305884990761003, 1.045068175319352, 3.0538120459360205, 3.2526725702997243, 0.5406755997433189, 0.9779528712562119, 0.1994456341733166, 0.9125180691466438, 0.2973313276624706, 0.952251777840037, 2.070850005550123, 2.047043680565642, 2.4163121127154015, 1.598453357477835, 1.1136425230937816, 1.0410236645154212, 0.8126094982830006, 1.176821054724324, 1.679975557965452, 3.286159918655066, 2.0925862317283177, 0.6334892483653664]",8.276684166666666,39.07007940918985,0.4836669359626802,4.1919511087631225
170,2022-10-02 16:09:24.200000+00:00,2022-10-02 17:38:21.099000+00:00,0 days 01:28:56.899000,53.918,-35.2236,53.9852,-35.21405,3,"[4.6, 4.7, 4.5]","[0.5855516666666666, 0.8969202777777778]","[1.8119440355457066, 16.599227943155018]",0.8969202777777778,16.599227943155018,0.7412359722222222,9.205585989350363
171,2022-10-03 05:20:50.932000+00:00,2022-10-03 18:08:22.131000+00:00,0 days 12:47:31.199000,54.1013,-35.2606,53.886250000000004,-35.3036,7,"[4.4, 4.3, 4.5, 4.5, 4.6, 4.5, 5.0]","[3.9681633333333335, 0.5887272222222223, 0.4179802777777778, 0.2913677777777778, 1.2349230555555555, 6.290838055555556]","[12.68657207451632, 3.9540019985904555, 5.529083414420765, 2.056966768950638, 10.894811031585961, 34.05261463256376]",6.290838055555556,34.05261463256376,2.1319999537037035,11.529008320104651
172,2022-10-04 10:59:16.860000+00:00,2022-10-04 15:20:31.005000+00:00,0 days 04:21:14.145000,54.0717,-35.0452,53.907849999999996,-35.14645,9,"[4.5, 4.5, 4.6, 4.5, 4.4, 4.6, 4.5, 4.4, 4.4]","[0.04034277777777778, 2.769263888888889, 0.48650583333333336, 0.30916000000000005, 0.09910888888888889, 0.29077083333333337, 0.14210555555555554, 0.2166713888888889]","[21.49323342052421, 9.246054328013003, 10.510331240319713, 3.251274029903589, 3.3303507491383044, 1.58892364707641, 7.79916095244301, 4.050635059292972]",2.769263888888889,21.49323342052421,0.5442411458333333,7.658745428338902
173,2022-10-07 04:00:37.703000+00:00,2022-10-07 04:31:22.110000+00:00,0 days 00:30:44.407000,54.1417,-35.1402,54.045249999999996,-35.1969,3,"[4.5, 4.6, 4.6]","[0.20579083333333334, 0.30654444444444445]","[20.01654402236475, 2.945345782092701]",0.30654444444444445,20.01654402236475,0.2561676388888889,11.480944902228726
174,2022-10-10 00:44:47.962000+00:00,2022-10-10 16:39:56.067000+00:00,0 days 15:55:08.105000,54.083,-35.0767,53.9277,-35.25025,8,"[4.6, 4.7, 4.6, 4.5, 4.6, 4.4, 4.5, 4.5]","[4.453975833333334, 0.7429936111111112, 0.8086208333333333, 6.645181666666666, 1.1539966666666666, 0.39014777777777776, 1.7240016666666667]","[33.35562090412781, 3.439926742141109, 11.343355039709223, 4.916708975067983, 7.190473371997235, 4.304165926556266, 18.115761287246155]",6.645181666666666,33.35562090412781,2.2741311507936506,11.809430320977969
175,2022-10-18 03:07:19.891000+00:00,2022-10-18 11:37:18.818000+00:00,0 days 08:29:58.927000,53.9202,-35.1129,53.95,-35.263450000000006,10,"[4.3, 4.4, 4.5, 4.4, 4.4, 4.3, 4.6, 4.6, 4.5, 4.4]","[0.1734563888888889, 0.41491333333333336, 0.3079775, 1.0420083333333334, 0.4565180555555555, 2.8437516666666665, 0.7021233333333333, 1.7720413888888888, 0.7869119444444443]","[17.065603017173245, 10.466955439107481, 5.889322654584692, 0.8120310051448321, 2.6524439063615217, 5.656631405314257, 3.9974217425662557, 2.8082771032419815, 6.345371093547303]",2.8437516666666665,17.065603017173245,0.944411327160494,6.188228596337952
176,2022-10-25 06:54:06.108000+00:00,2022-10-25 07:25:13.673000+00:00,0 days 00:31:07.565000,53.725,-35.236,53.8232,-35.2638,3,"[4.5, 4.6, 4.4]","[0.14199861111111112, 0.37676944444444443]","[9.6499882034184, 12.947194613494684]",0.37676944444444443,12.947194613494684,0.2593840277777778,11.298591408456542
177,2022-11-14 01:11:20.167000+00:00,2022-11-14 03:36:55.638000+00:00,0 days 02:25:35.471000,53.9688,-35.4727,53.9778,-35.330200000000005,2,"[5.1, 4.4]",[2.426519722222222],[18.806048655343993],2.426519722222222,18.806048655343993,2.426519722222222,18.806048655343993
178,2022-11-18 18:08:25.006000+00:00,2022-11-19 01:59:02.741000+00:00,0 days 07:50:37.735000,53.9108,-35.3308,53.84675,-35.20275,4,"[4.5, 4.5, 4.7, 4.4]","[1.310621111111111, 5.337167777777778, 1.196026388888889]","[8.120740279872322, 15.858566746389448, 3.193371404091031]",5.337167777777778,15.858566746389448,2.6146050925925928,9.057559476784268
179,2022-11-29 15:54:45.615000+00:00,2022-11-29 23:50:37.777000+00:00,0 days 07:55:52.162000,53.8201,-35.1544,53.871399999999994,-35.225849999999994,6,"[5.5, 4.7, 4.8, 5.0, 4.2, 5.5]","[0.0654975, 0.005376944444444445, 0.1103925, 0.18887583333333333, 7.561013333333333]","[13.2426685921664, 12.956988550370367, 11.46006162217365, 14.844603756604782, 7.029792138541661]",7.561013333333333,14.844603756604782,1.5862312222222221,11.906822931971373
180,2022-12-04 03:39:58.816000+00:00,2022-12-04 11:13:59.152000+00:00,0 days 07:34:00.336000,53.8926,-35.6101,53.911500000000004,-35.5894,2,"[5.0, 5.4]",[7.5667599999999995],[5.0102607268260115],7.5667599999999995,5.0102607268260115,7.5667599999999995,5.0102607268260115
181,2022-12-16 08:01:34.191000+00:00,2022-12-16 12:25:50.904000+00:00,0 days 04:24:16.713000,56.8675,-33.8516,56.723150000000004,-34.1353,2,"[4.1, 4.3]",[4.4046425],[47.33065167376637],4.4046425,47.33065167376637,4.4046425,47.33065167376637
182,2022-12-17 21:45:36.012000+00:00,2022-12-17 21:48:55.456000+00:00,0 days 00:03:19.444000,53.9163,-35.2089,53.89595,-35.215,2,"[5.0, 4.6]",[0.05540111111111111],[4.600483342698038],0.05540111111111111,4.600483342698038,0.05540111111111111,4.600483342698038
183,2023-01-04 02:07:59.872000+00:00,2023-01-04 02:25:04.227000+00:00,0 days 00:17:04.355000,53.8855,-35.0411,53.91275,-35.059349999999995,2,"[5.4, 4.7]",[0.28454305555555554],[6.523009591473888],0.28454305555555554,6.523009591473888,0.28454305555555554,6.523009591473888
184,2023-01-21 19:20:27.327000+00:00,2023-01-22 02:21:30.431000+00:00,0 days 07:01:03.104000,57.4164,-33.2571,57.40825,-33.3184,6,"[5.3, 4.8, 5.7, 5.3, 4.0, 4.3]","[0.03144, 0.4522597222222222, 2.7672694444444446, 3.678354722222222, 0.088205]","[10.458593535011094, 2.7927539517426103, 5.571708997244202, 7.233333768229536, 2.782189619396984]",3.678354722222222,10.458593535011094,1.4035057777777777,5.767715974324885
185,2023-01-26 19:17:03.681000+00:00,2023-01-26 19:30:46.233000+00:00,0 days 00:13:42.552000,57.393,-33.3795,57.35925,-33.32715,2,"[5.1, 5.3]",[0.22848666666666667],[9.808995530599066],0.22848666666666667,9.808995530599066,0.22848666666666667,9.808995530599066
186,2023-08-05 14:10:22.133000+00:00,2023-08-05 17:55:42.104000+00:00,0 days 03:45:19.971000,52.3862,-31.7979,52.4246,-31.7744,2,"[5.3, 4.5]",[3.7555475],[9.124450996818776],3.7555475,9.124450996818776,3.7555475,9.124450996818776
187,2023-10-13 15:57:37.970000+00:00,2023-10-13 16:00:13.733000+00:00,0 days 00:02:35.763000,58.1621,-32.5003,58.106899999999996,-32.3883,2,"[4.6, 4.3]",[0.0432675],[18.04449348566264],0.0432675,18.04449348566264,0.0432675,18.04449348566264
188,2023-12-08 20:29:41.760000+00:00,2023-12-11 17:57:03.508000+00:00,2 days 21:27:21.748000,56.3996,-34.3396,56.64505,-34.194500000000005,81,"[4.6, 4.9, 4.9, 4.9, 4.9, 4.9, 4.6, 4.3, 4.5, 4.4, 4.6, 5.0, 4.9, 4.6, 4.9, 4.3, 5.2, 4.6, 5.2, 4.4, 4.6, 5.2, 4.6, 4.4, 4.6, 4.1, 4.6, 4.4, 4.4, 4.7, 4.3, 4.5, 4.6, 5.0, 4.9, 4.5, 4.6, 5.1, 4.5, 4.4, 4.4, 4.4, 4.9, 4.3, 4.8, 4.4, 4.6, 4.6, 4.9, 4.5, 5.0, 4.6, 4.7, 5.2, 4.6, 5.1, 4.6, 4.4, 4.4, 4.5, 4.7, 4.7, 4.7, 4.7, 4.6, 5.2, 4.7, 4.5, 4.5, 4.3, 4.8, 4.6, 4.7, 4.3, 5.3, 4.4, 4.5, 4.9, 4.6, 4.6, 4.6]","[0.28717305555555556, 0.36123694444444443, 0.38261277777777775, 0.4865305555555556, 0.6096205555555556, 0.17200000000000001, 1.466236111111111, 0.04848611111111111, 0.32474888888888886, 1.1886941666666666, 6.250090277777778, 0.35492944444444446, 0.23439416666666665, 0.2510777777777778, 0.3778138888888889, 0.3711308333333333, 0.6282591666666667, 0.6482633333333333, 0.2564372222222222, 0.42758972222222225, 1.3553938888888888, 0.25869583333333335, 0.5226213888888889, 0.4921380555555555, 0.21435972222222224, 0.10588722222222223, 0.2270025, 0.16209416666666665, 0.2774688888888889, 0.32202777777777775, 0.7287711111111111, 0.12314277777777778, 0.7245188888888889, 0.28246333333333334, 0.9672244444444444, 0.05685361111111111, 0.13381444444444446, 0.40386916666666667, 0.6653138888888889, 0.013399444444444445, 0.23878722222222223, 0.09940305555555555, 0.8591683333333333, 0.0299975, 0.7885816666666666, 0.27200583333333334, 0.4236038888888889, 0.8806944444444444, 0.1437886111111111, 0.4088902777777778, 0.13027944444444445, 1.484548888888889, 0.1041725, 1.2408350000000001, 0.017894444444444445, 0.3958419444444444, 0.5367847222222222, 1.2707197222222224, 0.013185833333333334, 0.2568988888888889, 1.4452219444444445, 0.5155425, 0.7314105555555556, 1.0438197222222223, 0.040688055555555554, 2.499047222222222, 1.7911555555555556, 1.867435, 5.868003055555556, 1.504505, 1.2795052777777778, 1.2855666666666667, 0.10475611111111112, 1.2351780555555554, 0.38008305555555555, 0.8923980555555555, 5.847311666666667, 5.74996, 0.8552313888888889, 1.7587544444444443]","[10.0169659396489, 5.080983920619758, 1.767184087557275, 2.796351449203001, 2.00545920144029, 18.635053469662687, 21.270845284136982, 14.478611422571236, 11.962978358388568, 6.9526842381288905, 4.69930445930139, 3.8757559731688986, 1.9033468913556524, 1.4790832870737016, 4.223705803406918, 7.270753509685434, 2.183436689499641, 2.2888936162535303, 15.985711361274772, 8.158709948061643, 3.1855464755251943, 3.2725326346521575, 11.168033356681766, 5.515045515752653, 44.81089009555657, 2.6440014604533406, 7.580508594641579, 4.994275956730297, 2.0195136210141937, 18.74433589190409, 6.434781829823741, 1.0005324921270917, 0.9923612442364573, 2.5310399415919216, 4.848853999362856, 1.275198290142243, 2.9575736018892806, 3.8321088476460425, 0.3788430840211804, 8.334299157682885, 8.686864697844982, 8.748294810567643, 2.8287683392999754, 1.1243441670232999, 12.000189453297514, 3.1340039937796056, 3.2454801906716746, 1.5984547920816468, 4.774815180135359, 28.50843898409092, 5.756287414302934, 0.5691484209060509, 2.075824397744802, 2.06181228184015, 1.5216163002086385, 3.520994637766916, 0.37879444144396623, 1.938339655409478, 10.983521776946906, 2.8621866319302267, 2.7636423648686983, 0.8530690751062072, 3.9257738760654965, 2.4313648357533806, 1.7275991895815874, 4.713027681301892, 0.4957207317827074, 2.9629993578748137, 1.4726422402665647, 0.2606591529004403, 2.0034889290749156, 2.8412719363741195, 0.9578625291045592, 3.927979521966216, 1.3577038109111925, 2.4986808192035053, 0.38670892977016413, 6.448690586664005, 2.9646608801137853, 5.144179315625926]",6.250090277777778,44.81089009555657,0.8682005138888892,5.5001500166684725
189,2023-12-12 12:28:57.599000+00:00,2023-12-12 13:27:21.022000+00:00,0 days 00:58:23.423000,56.8982,-33.95,56.7826,-34.1576,2,"[4.5, 4.6]",[0.9731730555555554],[36.15168051063403],0.9731730555555554,36.15168051063403,0.9731730555555554,36.15168051063403
190,2023-12-13 02:58:36.304000+00:00,2023-12-13 05:56:19.631000+00:00,0 days 02:57:43.327000,56.646,-34.3597,56.5604,-34.3648,3,"[4.6, 4.2, 4.3]","[0.08197361111111112, 2.8800616666666667]","[11.7227188198348, 16.09742818373769]",2.8800616666666667,16.09742818373769,1.481017638888889,13.910073501786245
191,2023-12-17 22:01:13.234000+00:00,2023-12-18 03:18:02.819000+00:00,0 days 05:16:49.585000,57.8535,-32.7562,57.8408,-32.69795,2,"[4.6, 4.9]",[5.280440277777777],[7.475467861341349],5.280440277777777,7.475467861341349,5.280440277777777,7.475467861341349
192,2023-12-27 15:40:37.483000+00:00,2023-12-27 23:33:38.029000+00:00,0 days 07:53:00.546000,56.4341,-34.0131,56.413650000000004,-34.08795,2,"[5.0, 5.1]",[7.883484999999999],[10.301537881213283],7.883484999999999,10.301537881213283,7.883484999999999,10.301537881213283
193,2024-01-28 21:34:36.901000+00:00,2024-01-28 22:47:44.173000+00:00,0 days 01:13:07.272000,59.3688,-31.161,59.446349999999995,-30.91665,2,"[4.5, 4.2]",[1.2186866666666667],[32.66726796853108],1.2186866666666667,32.66726796853108,1.2186866666666667,32.66726796853108
194,2024-02-05 08:50:57.371000+00:00,2024-02-06 01:05:08.225000+00:00,0 days 16:14:10.854000,55.4633,-35.2447,55.54555,-35.154250000000005,10,"[4.6, 5.4, 5.3, 4.4, 5.0, 4.5, 4.8, 4.5, 4.4, 4.4]","[5.038085555555556, 0.005306944444444445, 0.12042305555555556, 0.6472491666666668, 4.007285277777778, 2.675337777777778, 2.6693188888888892, 0.010483333333333334, 1.0628583333333332]","[7.699475999131196, 3.7651680255149653, 10.256478999173675, 2.9814062769141176, 6.2082639236676105, 15.85882656045537, 2.022632162369825, 6.060448440480775, 3.233586095738076]",5.038085555555556,15.85882656045537,1.804038703703704,6.454031831493957
